Trader_Id,Trader_FName,Trader_LName,Trader_Email,Trader_Gender,Trader_State,Stock_Market,Stock_Symbol,Stock_Price
1,Yettie,Sinclar,ysinclar0@creativecommons.org,Female,North Carolina,NYSE,LAD,$5.00
2,Michelle,Rainbird,mrainbird1@disqus.com,Female,Colorado,NASDAQ,HYZD,$6.46
3,Sebastiano,,scraker2@oracle.com,Male,Oregon,NASDAQ,CSBR,$8.71
4,Olivia,Corriea,ocorriea3@goo.ne.jp,Female,Louisiana,NASDAQ,OSBCP,$5.96
5,Ginny,,gdrury4@cbslocal.com,Female,Wisconsin,NYSE,BMO,$2.38
6,Ferguson,De Lisle,fdelisle5@unicef.org,Male,Missouri,NYSE,NSC,$5.23
7,Wheeler,Wroth,wwroth6@alexa.com,Male,California,NYSE,DK,$8.32
8,Pincus,Pyford,ppyford7@nasa.gov,Male,Texas,NYSE,PMT,$5.87
9,Natka,Golling,ngolling8@cdc.gov,Female,Arizona,NYSE,BBT^F,$5.90
10,Margarita,,mmclukie9@google.it,Female,Missouri,NASDAQ,HBAN,$8.40
11,Audie,,astruisa@bravesites.com,Female,South Carolina,NASDAQ,MSEX,$9.98
12,Alley,Goalby,agoalbyb@prlog.org,Male,Missouri,NYSE,MDP,$8.57
13,Barris,Hourihane,bhourihanec@cargocollective.com,Male,Texas,NYSE,CBK,$3.41
14,Elias,Rixon,erixond@1688.com,Male,California,NASDAQ,AGFSW,$6.04
15,Allin,Griffen,agriffene@sciencedaily.com,Male,Massachusetts,NYSE,AMN,$3.98
16,Reuben,Rubinfajn,rrubinfajnf@answers.com,Male,Oregon,NYSE,USFD,$2.12
17,Bernetta,Jaggard,bjaggardg@t.co,Female,California,NASDAQ,NDRAU,$4.05
18,Bev,Gierth,bgierthh@seattletimes.com,Male,Florida,NASDAQ,WWD,$3.74
19,Lynnette,Balogun,lbaloguni@tamu.edu,Female,New York,NASDAQ,TANH,$7.41
20,Lorain,Nicolson,,Female,Connecticut,NYSE,BRT,$9.92
21,Ole,Fergie,ofergiek@walmart.com,Male,Georgia,NYSE,PSB^U,$0.81
22,Eduardo,,elempell@dailymail.co.uk,Male,Utah,NYSE,RFP,$8.38
23,Sayres,Laybourn,slaybournm@multiply.com,Male,Virginia,NYSE,ATI,$4.48
24,Sigmund,Heller,shellern@netvibes.com,Male,Texas,NASDAQ,MNKD,$8.48
25,Kimball,Carville,,Male,Florida,NYSE,AUO,$9.50
26,Joaquin,Dunderdale,jdunderdalep@meetup.com,Male,Florida,NYSE,PFG,$5.04
27,Teddie,Pimer,tpimerq@posterous.com,Female,District of Columbia,NASDAQ,XGTIW,$4.15
28,Karoly,Bedenham,kbedenhamr@reddit.com,Male,New York,NYSE,NSP,$6.73
29,Rafaello,Lewsley,rlewsleys@wikipedia.org,Male,Iowa,NASDAQ,KTEC,$6.57
30,Tynan,Volante,tvolantet@google.de,Male,California,NYSE,FBP,$1.66
31,Carlyn,Arundel,carundelu@github.io,Female,California,NASDAQ,ACGLP,$1.22
32,Johnnie,Deards,jdeardsv@cbc.ca,Male,Alabama,NYSE,HGV,$9.94
33,Benedicto,Kinsey,bkinseyw@illinois.edu,Male,Texas,NYSE,ERA,$9.18
34,Rodina,,rgerhtsx@a8.net,Female,Arizona,NASDAQ,LE,$3.04
35,Birdie,Inkpen,binkpeny@rediff.com,Female,Washington,NASDAQ,CATS,$2.82
36,Ddene,Reinhardt,dreinhardtz@who.int,Female,Missouri,NASDAQ,ONTXW,$0.50
37,Devinne,Gecks,dgecks10@cpanel.net,Female,Pennsylvania,NASDAQ,HSNI,$3.57
38,Brandi,Conford,bconford11@mac.com,Female,Oklahoma,NASDAQ,NURO,$9.89
39,Merrel,,mcalf12@hc360.com,Male,Florida,NYSE,UHS,$9.20
40,Nelli,Shackel,nshackel13@cyberchimps.com,Female,Indiana,NASDAQ,TESO,$2.39
41,Philipa,Gartrell,pgartrell14@gnu.org,Female,Alabama,NASDAQ,BIDU,$9.02
42,Bartholomew,Musson,bmusson15@unc.edu,Male,Nevada,NASDAQ,PTLA,$3.79
43,Lucy,Seman,lseman16@posterous.com,Female,Oregon,NASDAQ,WOOD,$9.64
44,Patricio,Ironside,pironside17@amazon.co.jp,Male,North Dakota,NYSE,AMH^F,$2.07
45,Hermie,Santacrole,hsantacrole18@vistaprint.com,Male,Minnesota,NASDAQ,VCLT,$6.17
46,Tammi,Chantree,tchantree19@fc2.com,Female,Kansas,NYSE,SD,$9.60
47,Teodoor,Geindre,tgeindre1a@stanford.edu,Male,Texas,NASDAQ,VIVO,$0.57
48,Ted,McCrow,tmccrow1b@angelfire.com,Female,Louisiana,NYSE,BGY,$3.02
49,Adrian,Iacovielli,aiacovielli1c@google.co.uk,Male,California,NASDAQ,NAVG,$6.60
50,Sarge,Wieprecht,swieprecht1d@gmpg.org,Male,California,NYSE,HLI,$9.45
51,Birdie,Boshers,bboshers1e@goo.gl,Female,Pennsylvania,NYSE,MFA^B,$5.46
52,Ody,Del Checolo,odelchecolo1f@cbsnews.com,Male,California,NYSE,CHH,$9.35
53,Katharina,Moret,kmoret1g@domainmarket.com,Female,Alaska,NASDAQ,AMAG,$6.64
54,George,Giottini,ggiottini1h@dell.com,Female,New York,NASDAQ,MARA,$1.60
55,Fidel,Rosenfelt,frosenfelt1i@com.com,Male,District of Columbia,NASDAQ,NETE,$4.15
56,Diann,Tomasz,dtomasz1j@google.com.hk,Female,California,NYSE,BAS,$4.89
57,Anthe,Chill,achill1k@linkedin.com,Female,California,NYSE,BIO.B,$9.92
58,Sascha,Clampton,sclampton1l@tripadvisor.com,Male,Colorado,NYSE,OI,$2.21
59,Rafaelia,Lowles,rlowles1m@cnn.com,Female,Mississippi,NASDAQ,HURN,$9.62
60,Dion,Quipp,dquipp1n@homestead.com,Male,Arkansas,NYSE,SSNI,$9.71
61,Stacey,Andric,sandric1o@amazon.co.jp,Female,Washington,NASDAQ,NEON,$2.30
62,Chariot,Salazar,csalazar1p@amazon.co.jp,Male,Oklahoma,NYSE,FET,$5.91
63,Corenda,Skudder,cskudder1q@addtoany.com,Female,Colorado,NASDAQ,GURE,$2.05
64,Shara,Royse,sroyse1r@omniture.com,Female,California,NYSE,FAM,$0.87
65,Rudiger,Kowal,rkowal1s@sitemeter.com,Male,California,NASDAQ,WMAR,$5.84
66,Archibald,Popping,apopping1t@hugedomains.com,Male,Washington,NASDAQ,PERF,$0.26
67,Eddie,Kubec,ekubec1u@wordpress.com,Female,Illinois,NYSE,HESM,$9.66
68,Amabelle,Tzar,atzar1v@unicef.org,Female,California,NYSE,HMC,$8.17
69,Alex,Gargett,agargett1w@liveinternet.ru,Male,Connecticut,NYSE,CNP,$8.31
70,Blinny,Van der Veldt,bvanderveldt1x@geocities.com,Female,Illinois,NYSE,SCE^J,$0.31
71,Ky,,kchessell1y@umn.edu,Male,California,NYSE,SAN,$5.68
72,Jeromy,Sheather,jsheather1z@berkeley.edu,Male,North Carolina,NYSE,DLR^G,$2.37
73,Mellie,Ducrow,mducrow20@umn.edu,Female,Utah,NASDAQ,HIFS,$3.21
74,Law,Ouver,louver21@infoseek.co.jp,Male,Indiana,NASDAQ,CZNC,$2.63
75,Vicky,Cruddace,vcruddace22@about.com,Female,New York,NYSE,FTAI,$6.29
76,Osborne,Paice,opaice23@cafepress.com,Male,Texas,NYSE,TNH,$3.21
77,Rudolf,Macconaghy,rmacconaghy24@who.int,Male,Mississippi,NYSE,SMLP,$2.12
78,Alfons,Janeway,ajaneway25@4shared.com,Male,Alabama,NASDAQ,SGEN,$5.34
79,Gib,Happert,ghappert26@tmall.com,Male,California,NASDAQ,UMPQ,$3.54
80,Elias,Demicoli,edemicoli27@ifeng.com,Male,Indiana,NASDAQ,FATE,$6.98
81,Brittni,Lodwig,blodwig28@google.es,Female,Indiana,NYSE,ARI^C,$7.66
82,Courtney,Nel,cnel29@furl.net,Female,New York,NASDAQ,HONE,$1.19
83,Kirstin,,khorsburgh2a@google.com.br,Female,Arizona,NASDAQ,PUB,$3.74
84,Roley,Cramp,rcramp2b@redcross.org,Male,Florida,NASDAQ,SRDX,$1.35
85,Heda,Byre,hbyre2c@nifty.com,Female,Ohio,NYSE,EDI,$2.76
86,Viki,Prestage,vprestage2d@apache.org,Female,Texas,NYSE,RY^S,$1.34
87,Ali,Guerrero,aguerrero2e@cyberchimps.com,Male,North Carolina,NYSE,AXL,$1.39
88,Nell,Kingshott,nkingshott2f@123-reg.co.uk,Female,Tennessee,NYSE,CTY,$0.34
89,Tannie,Phalip,tphalip2g@rediff.com,Male,Indiana,NYSE,LNC,$2.00
90,Harv,,hgomersal2h@redcross.org,Male,California,NASDAQ,FVE,$1.13
91,Vinnie,Goosnell,vgoosnell2i@parallels.com,Male,Iowa,NYSE,DTLA^,$9.37
92,Garrot,Poulney,gpoulney2j@soup.io,Male,California,NYSE,PBI^B,$9.99
93,Berty,Jantet,bjantet2k@networksolutions.com,Male,Colorado,NYSE,XRF,$5.64
94,York,Summerson,ysummerson2l@com.com,Male,Texas,NYSE,QCP,$3.00
95,Tressa,,tclementel2m@com.com,Female,Texas,NASDAQ,WVE,$0.36
96,Rochester,Barme,rbarme2n@myspace.com,Male,Texas,NYSE,OPY,$0.21
97,Dido,Happert,dhappert2o@unesco.org,Female,Texas,NASDAQ,ADRU,$3.60
98,Brucie,Cree,bcree2p@earthlink.net,Male,Texas,NYSE,FOE,$8.18
99,Brice,,bbasnett2q@diigo.com,Male,Florida,NASDAQ,NSEC,$9.79
100,Eadith,Wadsworth,ewadsworth2r@clickbank.net,Female,Massachusetts,NASDAQ,PDEX,$5.30
101,Gertie,Woodworth,,Female,Minnesota,NASDAQ,CHRS,$0.94
102,Gery,Lassells,glassells2t@upenn.edu,Male,Iowa,NYSE,BKK,$2.55
103,Morrie,Burness,mburness2u@studiopress.com,Male,Wisconsin,NYSE,BANC^D,$6.99
104,Boonie,Bradder,bbradder2v@sina.com.cn,Male,Georgia,NASDAQ,AGNCB,$5.91
105,Kailey,Maccrae,kmaccrae2w@shop-pro.jp,Female,Washington,NASDAQ,UHAL,$6.46
106,Rena,Bassingham,rbassingham2x@go.com,Female,Texas,NYSE,NORD,$3.23
107,Bibby,Benardet,bbenardet2y@bbb.org,Female,Maryland,NYSE,BMO,$0.53
108,Edik,Blondell,eblondell2z@squarespace.com,Male,Arizona,NASDAQ,GNMA,$7.83
109,Antoine,Ruggieri,aruggieri30@cornell.edu,Male,Florida,NASDAQ,NCSM,$7.70
110,Tanya,While,twhile31@europa.eu,Female,Arizona,NYSE,WAT,$0.47
111,Tani,Curphey,tcurphey32@godaddy.com,Female,Florida,NYSE,FOE,$5.04
112,Viki,Widd,vwidd33@utexas.edu,Female,District of Columbia,NASDAQ,LE,$4.94
113,Stephanus,Yegorchenkov,syegorchenkov34@answers.com,Male,Florida,NYSE,RYAM,$6.29
114,Reggy,Flipsen,rflipsen35@com.com,Male,Washington,NASDAQ,GLBL,$6.25
115,Randolph,Kniveton,rkniveton36@statcounter.com,Male,Missouri,NYSE,IPHI,$3.58
116,Cooper,Fackrell,cfackrell37@npr.org,Male,Louisiana,NASDAQ,EBAY,$8.28
117,Eve,,esanthouse38@tuttocitta.it,Female,Georgia,NASDAQ,AKER,$9.72
118,Marlow,Wignall,mwignall39@icio.us,Male,California,NYSE,CL,$6.85
119,Maryjo,Prott,mprott3a@behance.net,Female,Louisiana,NYSE,NWL,$2.77
120,Sylvester,,skoppes3b@hp.com,Male,New York,NYSE,AVD,$1.82
121,Morgana,Whebell,mwhebell3c@scientificamerican.com,Female,New Mexico,NYSE,AIB,$5.98
122,Berri,Costley,bcostley3d@xrea.com,Female,Indiana,NASDAQ,GCBC,$1.39
123,Neel,Lorek,nlorek3e@cnbc.com,Male,Indiana,NYSE,LPT,$0.13
124,Christoforo,Eskell,ceskell3f@auda.org.au,Male,California,NASDAQ,HOTR,$5.25
125,Kyle,Rembaud,krembaud3g@nps.gov,Male,California,NYSE,NBD,$2.66
126,Therese,Snarr,tsnarr3h@upenn.edu,Female,Nevada,NASDAQ,MMDMW,$0.49
127,Kaycee,,kpitman3i@home.pl,Female,Washington,NYSE,BLK,$5.29
128,Letitia,Westphalen,lwestphalen3j@baidu.com,Female,Oklahoma,NYSE,HYT,$5.98
129,Twila,,thambly3k@army.mil,Female,Missouri,NYSE,MLP,$1.82
130,Conn,Lante,clante3l@infoseek.co.jp,Male,Nebraska,NYSE,NIE,$8.31
131,Alexandrina,,abeaten3m@slate.com,Female,Virginia,NYSE,KND,$7.99
132,Frasco,Sissot,fsissot3n@dailymail.co.uk,Male,Texas,NYSE,ARD,$0.77
133,Lira,Wintringham,lwintringham3o@dmoz.org,Female,Washington,NYSE,BK^C,$7.50
134,Fina,,fjoutapaitis3p@bing.com,Female,Oklahoma,NASDAQ,CTIC,$7.00
135,Rennie,Hanniger,rhanniger3q@feedburner.com,Female,Missouri,NYSE,B,$0.30
136,Ardene,,ametzig3r@theguardian.com,Female,Ohio,NYSE,WSO,$2.75
137,Merwin,Mantz,mmantz3s@reverbnation.com,Male,Michigan,NASDAQ,MEDP,$1.51
138,Ced,Kochlin,ckochlin3t@cnet.com,Male,California,NASDAQ,VOD,$0.40
139,Daveta,Benninger,dbenninger3u@shareasale.com,Female,Utah,NYSE,OKE,$2.95
140,Alonzo,Lorrie,alorrie3v@google.ru,Male,Texas,NYSE,TUP,$8.46
141,Bette,Abethell,babethell3w@posterous.com,Female,Louisiana,NASDAQ,GENE,$3.40
142,Karlens,Burnall,kburnall3x@scientificamerican.com,Male,Tennessee,NASDAQ,DMRC,$4.25
143,Eden,Chessun,echessun3y@dailymail.co.uk,Female,California,NYSE,NVG,$3.43
144,Arlene,Marsland,amarsland3z@globo.com,Female,Ohio,NYSE,AFSI^C,$1.18
145,Lyndell,Gerault,lgerault40@omniture.com,Female,Texas,NASDAQ,FMK,$9.32
146,Bo,Arckoll,barckoll41@tamu.edu,Male,North Carolina,NYSE,GKOS,$6.97
147,Debbi,Lund,dlund42@newyorker.com,Female,Colorado,NYSE,POT,$2.45
148,Wilmer,Kirtlan,wkirtlan43@ebay.com,Male,Mississippi,NYSE,BHK,$8.13
149,Nickolas,Arnowicz,narnowicz44@xrea.com,Male,Texas,NYSE,TOO^B,$2.44
150,Gaston,Van Schafflaer,gvanschafflaer45@pagesperso-orange.fr,Male,California,NASDAQ,KNSL,$6.59
151,Claude,Binnion,cbinnion46@umn.edu,Female,California,NYSE,JHY,$0.70
152,Anthia,Drysdell,adrysdell47@blinklist.com,Female,California,NYSE,NYRT,$7.15
153,Augy,Zoppo,azoppo48@upenn.edu,Male,Washington,NYSE,TMHC,$9.67
154,Bari,,,Female,Illinois,NYSE,CVG,$2.93
155,Rolph,Gourlay,rgourlay4a@cargocollective.com,Male,Iowa,NYSE,QUOT,$2.77
156,Everard,Chessill,echessill4b@admin.ch,Male,Michigan,NASDAQ,LMRKO,$8.12
157,Hillary,Diego,hdiego4c@deviantart.com,Male,Colorado,NYSE,MTG,$3.86
158,Ashlin,Theyer,atheyer4d@yale.edu,Male,Florida,NASDAQ,GRBK,$2.72
159,Web,Mayzes,wmayzes4e@adobe.com,Male,Missouri,NYSE,VEDL,$0.26
160,Margi,Ruggles,mruggles4f@cbc.ca,Female,Virginia,NASDAQ,TRIL,$0.36
161,Terrence,Wildt,twildt4g@pinterest.com,Male,California,NASDAQ,SGMO,$3.22
162,Ari,Hartshorn,ahartshorn4h@cbc.ca,Male,Washington,NYSE,LEE,$7.49
163,Mag,,mcreed4i@va.gov,Female,Idaho,NASDAQ,ADSK,$9.90
164,Ardella,D'Ambrosio,adambrosio4j@umich.edu,Female,New York,NASDAQ,PBYI,$1.94
165,Saxon,Vanichkin,svanichkin4k@quantcast.com,Male,Colorado,NYSE,IDT,$5.89
166,Portie,Levine,plevine4l@businessinsider.com,Male,Ohio,NYSE,BAC^A,$7.48
167,Dasi,Spawforth,dspawforth4m@histats.com,Female,California,NASDAQ,EA,$9.74
168,Isidor,,ilesper4n@myspace.com,Male,New York,NASDAQ,VGSH,$7.83
169,Abram,,apinnick4o@engadget.com,Male,California,NASDAQ,LOXO,$3.30
170,Ardenia,Gasperi,agasperi4p@nydailynews.com,Female,Pennsylvania,NYSE,AWF,$5.59
171,Dyanne,Guerreau,dguerreau4q@sbwire.com,Female,Illinois,NASDAQ,ONCE,$9.88
172,Sebastiano,Adaway,sadaway4r@theglobeandmail.com,Male,Michigan,NASDAQ,KURA,$9.37
173,Stu,Stores,sstores4s@discuz.net,Male,Illinois,NYSE,STO,$3.68
174,Charissa,Rosier,crosier4t@umn.edu,Female,California,NYSE,VNTV,$2.26
175,Kimball,Hillitt,khillitt4u@instagram.com,Male,Kansas,NASDAQ,MTBC,$5.99
176,Tiffi,Holborn,tholborn4v@mayoclinic.com,Female,New York,NASDAQ,IFEU,$8.22
177,Linnell,Kliemchen,lkliemchen4w@feedburner.com,Female,Pennsylvania,NYSE,CPE^A,$8.39
178,Gauthier,Pollard,gpollard4x@psu.edu,Male,Florida,NYSE,AHT^F,$9.52
179,Augie,Lethibridge,alethibridge4y@time.com,Male,North Carolina,NASDAQ,TBBK,$0.21
180,Dorris,Bakster,dbakster4z@parallels.com,Female,Alabama,NYSE,JLS,$6.44
181,Gussi,,gkincey50@amazon.co.jp,Female,Tennessee,NASDAQ,PRMW,$4.20
182,Ashlie,Asquith,aasquith51@google.nl,Female,Illinois,NASDAQ,SNHNL,$7.12
183,Angelle,Armin,aarmin52@bigcartel.com,Female,Arizona,NYSE,IRM,$3.29
184,Ruben,Cawcutt,rcawcutt53@marketwatch.com,Male,Alabama,NYSE,AHL,$9.98
185,Titos,Budget,tbudget54@pbs.org,Male,Louisiana,NYSE,DF,$8.80
186,Madelyn,Taig,mtaig55@livejournal.com,Female,Florida,NYSE,LDF,$4.94
187,Jephthah,Jory,jjory56@state.gov,Male,District of Columbia,NYSE,GDOT,$4.47
188,Joseph,Filyukov,jfilyukov57@ehow.com,Male,Missouri,NYSE,ALL^A,$8.59
189,Missy,Caldera,mcaldera58@hao123.com,Female,Pennsylvania,NYSE,TGI,$3.28
190,Koenraad,Mepham,kmepham59@twitpic.com,Male,Tennessee,NYSE,GPM,$9.10
191,Ethe,Matous,ematous5a@discuz.net,Male,Texas,NASDAQ,LGND,$2.22
192,Allison,Rockhall,arockhall5b@edublogs.org,Female,Texas,NASDAQ,PSAU,$3.81
193,Skelly,Blackmuir,sblackmuir5c@google.com.br,Male,District of Columbia,NASDAQ,HLG,$9.19
194,Anica,Uman,auman5d@godaddy.com,Female,California,NASDAQ,MRDNW,$0.15
195,Codie,Gott,cgott5e@imageshack.us,Female,Texas,NASDAQ,EEFT,$9.97
196,Alfy,,aagutter5f@fema.gov,Male,Georgia,NYSE,ELY,$6.70
197,Hynda,Grimm,hgrimm5g@unicef.org,Female,Texas,NYSE,TMK^C,$9.51
198,Bevvy,Karpol,bkarpol5h@scientificamerican.com,Female,Missouri,NYSE,NEFF,$4.80
199,Rochella,Lafferty,rlafferty5i@homestead.com,Female,Missouri,NASDAQ,ESG,$6.86
200,Juliette,Clewes,jclewes5j@gov.uk,Female,Texas,NYSE,CNXC,$3.87
201,Rockey,Tidball,rtidball5k@bluehost.com,Male,Iowa,NASDAQ,GWRS,$3.35
202,Deeann,Pooley,dpooley5l@accuweather.com,Female,Virginia,NYSE,PNC,$3.43
203,Hilliary,Jaggar,hjaggar5m@shinystat.com,Female,Nevada,NYSE,SSW^D,$9.99
204,Vinnie,Barrim,vbarrim5n@facebook.com,Female,Texas,NYSE,TNP,$3.64
205,Jacquelyn,Ashburne,jashburne5o@redcross.org,Female,Minnesota,NYSE,NKE,$9.94
206,Carolan,,cwhyberd5p@google.com,Female,California,NYSE,ELP,$8.37
207,Luce,Freak,lfreak5q@arizona.edu,Male,District of Columbia,NASDAQ,TBPH,$1.03
208,Jeanie,Housaman,jhousaman5r@pagesperso-orange.fr,Female,North Carolina,NASDAQ,SAIA,$8.11
209,Marshal,Powrie,mpowrie5s@wsj.com,Male,Oregon,NASDAQ,NCBS,$8.29
210,Tatiana,Harm,tharm5t@xinhuanet.com,Female,Illinois,NYSE,CCS,$5.21
211,Ruby,Maeer,rmaeer5u@altervista.org,Male,Hawaii,NASDAQ,TORM          ,$2.82
212,Mariska,Deverick,mdeverick5v@freewebs.com,Female,Washington,NASDAQ,IDTI,$8.51
213,Larisa,Coursor,lcoursor5w@networksolutions.com,Female,Pennsylvania,NYSE,NSA,$3.94
214,Alex,Boyan,aboyan5x@barnesandnoble.com,Male,Connecticut,NYSE,INSW,$1.17
215,Melosa,Gallard,mgallard5y@typepad.com,Female,Illinois,NYSE,ETV,$7.28
216,Aluin,Fealty,afealty5z@amazon.com,Male,Indiana,NASDAQ,ONB,$4.25
217,Jilli,Jacquemet,jjacquemet60@kickstarter.com,Female,Louisiana,NASDAQ,INSY,$7.80
218,Alina,Paolazzi,apaolazzi61@facebook.com,Female,Connecticut,NYSE,USNA,$2.56
219,Cathyleen,Duester,cduester62@phoca.cz,Female,Michigan,NYSE,WMC,$5.35
220,Fitz,Legion,flegion63@netscape.com,Male,Texas,NYSE,TUP,$3.17
221,Cordula,Darter,cdarter64@irs.gov,Female,Florida,NASDAQ,QSII,$1.74
222,Edmon,Sherebrook,esherebrook65@yellowbook.com,Male,Oklahoma,NASDAQ,CBLI,$1.54
223,Bing,Meedendorpe,bmeedendorpe66@com.com,Male,California,NASDAQ,QQQC,$3.52
224,Noellyn,Cadman,ncadman67@shinystat.com,Female,Oklahoma,NASDAQ,VNOM,$9.84
225,Thalia,,twhelan68@reddit.com,Female,Nevada,NYSE,MS^A,$6.39
226,Willy,Peggrem,wpeggrem69@mtv.com,Male,South Carolina,NASDAQ,OPK,$5.76
227,Tadeo,Magner,,Male,Florida,NASDAQ,CFBI,$5.20
228,Basilius,Luckham,bluckham6b@java.com,Male,Tennessee,NASDAQ,HUBG,$4.40
229,Clemente,,cvowels6c@java.com,Male,Texas,NASDAQ,OXLCN,$9.62
230,Brianne,Gepp,bgepp6d@woothemes.com,Female,California,NYSE,KMG,$6.75
231,Charmain,Kiwitz,,Female,New York,NASDAQ,ESLT,$4.54
232,Ethelin,Rzehor,erzehor6f@aol.com,Female,Kansas,NASDAQ,NBEV,$7.14
233,Alan,Bert,abert6g@github.io,Male,New Mexico,NYSE,LGF.A,$8.03
234,Arabella,Janks,ajanks6h@wunderground.com,Female,Connecticut,NYSE,JWN,$1.76
235,Keen,Kretschmer,kkretschmer6i@tripadvisor.com,Male,Texas,NYSE,EDF,$5.63
236,Thorsten,Frentz,tfrentz6j@dell.com,Male,Tennessee,NASDAQ,JACK,$4.52
237,Reinaldos,Boord,rboord6k@uiuc.edu,Male,Colorado,NYSE,BFR,$3.64
238,Lorita,,lbauduccio6l@youtube.com,Female,Tennessee,NASDAQ,PIRS,$5.29
239,Sawyer,Brownstein,sbrownstein6m@storify.com,Male,New York,NYSE,OKE,$2.95
240,Averil,,athorowgood6n@themeforest.net,Female,Arizona,NYSE,TOO^B,$8.40
241,Olivero,,oderrico6o@360.cn,Male,District of Columbia,NYSE,NR,$2.15
242,Salomone,Ringrose,sringrose6p@t.co,Male,California,NYSE,WLKP,$3.13
243,Ezri,Matkovic,ematkovic6q@phpbb.com,Male,South Carolina,NASDAQ,SRTSW,$3.15
244,Kayley,Braunlein,kbraunlein6r@topsy.com,Female,Missouri,NYSE,ACC,$2.74
245,Thia,Elder,telder6s@goodreads.com,Female,Connecticut,NYSE,AXS^D,$0.74
246,Marcos,Farrin,mfarrin6t@wisc.edu,Male,Arizona,NASDAQ,GRIF,$3.27
247,Consolata,Lapere,clapere6u@yellowbook.com,Female,Illinois,NASDAQ,QADB,$1.17
248,Bradford,Geerdts,bgeerdts6v@netscape.com,Male,New York,NYSE,STAY,$8.67
249,Lester,Carle,lcarle6w@feedburner.com,Male,California,NYSE,NXR,$0.85
250,Bil,Heibel,bheibel6x@apache.org,Male,Texas,NASDAQ,ORIG,$6.76
251,Enoch,Sargison,esargison6y@blogs.com,Male,Michigan,NYSE,JCP,$7.24
252,Isidora,Egle of Germany,iegleofgermany6z@mozilla.org,Female,Florida,NASDAQ,TFSL,$0.88
253,Peter,Mucillo,pmucillo70@yahoo.co.jp,Male,Florida,NYSE,GSK,$7.45
254,Shermie,,snunan71@ca.gov,Male,Texas,NASDAQ,OCUL,$0.61
255,Sherwin,Morecomb,smorecomb72@usgs.gov,Male,Ohio,NYSE,ITUB,$3.59
256,Ursuline,Skunes,uskunes73@yale.edu,Female,Alabama,NYSE,BOE,$1.76
257,Kessia,Kilcoyne,kkilcoyne74@netscape.com,Female,Wisconsin,NASDAQ,DHIL,$6.13
258,Scotty,Smither,ssmither75@china.com.cn,Male,Missouri,NYSE,COF.WS,$8.03
259,Marleah,Wainman,mwainman76@weibo.com,Female,New York,NYSE,MYCC,$6.96
260,Ogden,Halewood,ohalewood77@cnn.com,Male,California,NASDAQ,ADXS,$8.56
261,Tanya,Late,tlate78@archive.org,Female,Indiana,NYSE,AC,$6.00
262,Therine,Romayn,tromayn79@e-recht24.de,Female,District of Columbia,NASDAQ,SABR,$1.07
263,Casey,,cjestico7a@last.fm,Female,Florida,NYSE,JW.B,$6.61
264,Hillard,Yakubov,hyakubov7b@google.pl,Male,Alabama,NYSE,TPVG,$6.23
265,Natasha,Dietmar,ndietmar7c@walmart.com,Female,Georgia,NASDAQ,BKEPP,$0.79
266,Ingrim,O' Gara,iogara7d@infoseek.co.jp,Male,Texas,NASDAQ,ECHO,$2.34
267,Lorelei,Visick,lvisick7e@gnu.org,Female,Tennessee,NASDAQ,GTYH,$0.89
268,Dorolice,,dcranny7f@people.com.cn,Female,Massachusetts,NASDAQ,APEN,$8.61
269,Sydelle,Heaford,sheaford7g@4shared.com,Female,District of Columbia,NASDAQ,NYMX,$9.80
270,Terrence,Pude,tpude7h@icq.com,Male,Texas,NASDAQ,PANL,$7.17
271,Ramsay,Waything,rwaything7i@wikimedia.org,Male,Pennsylvania,NYSE,SHAK,$1.96
272,Bernette,,bwillett7j@sciencedirect.com,Female,North Dakota,NYSE,NVO,$0.17
273,Nissie,Hasloch,nhasloch7k@shutterfly.com,Female,Colorado,NASDAQ,CROX,$3.13
274,Giselbert,Nisot,gnisot7l@unblog.fr,Male,Virginia,NYSE,CRS,$3.93
275,Kiley,Idill,kidill7m@topsy.com,Female,Nebraska,NASDAQ,SVVC,$6.56
276,Nelie,Blankman,nblankman7n@eventbrite.com,Female,Utah,NYSE,KR,$4.01
277,Phillida,Rittmeier,prittmeier7o@berkeley.edu,Female,Texas,NASDAQ,GOOG,$7.29
278,Johnathan,Schubuser,jschubuser7p@accuweather.com,Male,Arizona,NASDAQ,LAWS,$8.08
279,Upton,Mattusevich,umattusevich7q@bing.com,Male,District of Columbia,NASDAQ,PBNC,$2.17
280,Belita,McTurley,bmcturley7r@ucoz.ru,Female,District of Columbia,NASDAQ,CDTX,$1.59
281,Darcee,,dkalinke7s@washington.edu,Female,California,NYSE,TOO^B,$7.96
282,Kimberlee,Koubek,kkoubek7t@google.com,Female,Tennessee,NYSE,LM,$0.91
283,Halie,Balsdon,hbalsdon7u@dot.gov,Female,California,NYSE,KAI,$3.55
284,Hogan,,hasplin7v@sun.com,Male,Alabama,NYSE,EMES,$5.56
285,Silvia,,sstockle7w@answers.com,Female,North Carolina,NASDAQ,BIOS,$7.38
286,Philis,Teeney,pteeney7x@plala.or.jp,Female,California,NYSE,NEFF,$3.32
287,Leonerd,Tewkesbury.,ltewkesbury7y@ft.com,Male,Virginia,NYSE,LDF,$6.93
288,Elliot,Hunt,ehunt7z@mlb.com,Male,Nebraska,NYSE,SAH,$5.19
289,Frants,Gash,fgash80@dion.ne.jp,Male,California,NASDAQ,MDGS,$0.65
290,Berti,,bkennefick81@merriam-webster.com,Female,Alabama,NASDAQ,STBZ,$6.01
291,Antonius,Mulrean,amulrean82@icio.us,Male,Minnesota,NYSE,WFC^Y,$7.34
292,Sig,Sarll,ssarll83@chron.com,Male,Minnesota,NASDAQ,MMYT,$6.97
293,Delia,,dgiddings84@sourceforge.net,Female,Florida,NASDAQ,KHC,$5.72
294,Mile,Filippi,mfilippi85@prnewswire.com,Male,California,NASDAQ,SONC,$2.39
295,Malcolm,Rubinsztein,mrubinsztein86@moonfruit.com,Male,Pennsylvania,NYSE,OCIP,$6.43
296,Moreen,Petters,mpetters87@meetup.com,Female,Iowa,NYSE,SON,$0.40
297,Walt,Bealton,wbealton88@w3.org,Male,New York,NASDAQ,LPTH,$3.01
298,Katuscha,Murch,kmurch89@tinyurl.com,Female,Iowa,NYSE,SRE,$9.08
299,Kurt,Hobden,khobden8a@oaic.gov.au,Male,Massachusetts,NASDAQ,FTXN,$7.12
300,Shandee,Hoofe,shoofe8b@rambler.ru,Female,West Virginia,NASDAQ,KBSF,$0.49
301,Peder,Winridge,pwinridge8c@nasa.gov,Male,Oregon,NASDAQ,PFSW,$6.60
302,Blanca,Itzkovitch,bitzkovitch8d@google.cn,Female,Alabama,NYSE,WNC,$7.10
303,Noam,Keme,nkeme8e@mozilla.com,Male,Florida,NYSE,EE,$9.67
304,Aristotle,Wingeatt,awingeatt8f@tmall.com,Male,Texas,NYSE,RMT,$6.18
305,Heath,Wrennall,hwrennall8g@reference.com,Male,Texas,NYSE,ANTM,$4.97
306,Joletta,Blowen,jblowen8h@who.int,Female,Georgia,NASDAQ,UAE,$9.76
307,Field,,fpatterfield8i@instagram.com,Male,New York,NASDAQ,EBMT,$0.19
308,Jamie,Farriar,jfarriar8j@seattletimes.com,Male,Wisconsin,NYSE,NID,$5.97
309,Carolee,Abarough,cabarough8k@rambler.ru,Female,Nebraska,NYSE,NEE^R,$7.21
310,Randell,Scopham,rscopham8l@google.com.au,Male,Texas,NASDAQ,PDFS,$6.65
311,Sinclare,Kirmond,skirmond8m@toplist.cz,Male,Tennessee,NYSE,AMP,$2.28
312,Findlay,Bowell,fbowell8n@tinyurl.com,Male,Georgia,NASDAQ,ULTA,$4.25
313,Loleta,Kennagh,lkennagh8o@comcast.net,Female,Texas,NASDAQ,DLBS,$9.31
314,Kerstin,Bundy,kbundy8p@blogs.com,Female,Texas,NASDAQ,OCFC,$0.25
315,Victoria,Tarbatt,vtarbatt8q@yandex.ru,Female,Texas,NASDAQ,RDNT,$1.81
316,Ashley,Kaygill,akaygill8r@sciencedirect.com,Male,Florida,NASDAQ,BELFB,$2.84
317,Colby,Kenworthey,ckenworthey8s@seattletimes.com,Male,Texas,NYSE,ABT,$6.86
318,Tirrell,Hoyles,thoyles8t@privacy.gov.au,Male,Michigan,NASDAQ,PERF,$2.74
319,Luciano,Spray,lspray8u@ocn.ne.jp,Male,Florida,NASDAQ,FTXD,$1.37
320,Quintin,Tokley,qtokley8v@scribd.com,Male,Massachusetts,NYSE,BABA,$2.79
321,Gus,Shingles,gshingles8w@tinypic.com,Male,Maryland,NASDAQ,JUNO,$1.51
322,Daphna,McKeurtan,dmckeurtan8x@mit.edu,Female,Louisiana,NYSE,GBAB,$3.30
323,Sonya,Castro,scastro8y@yolasite.com,Female,Texas,NASDAQ,FONR,$4.47
324,Giff,Fisher,gfisher8z@imageshack.us,Male,Texas,NYSE,KS,$4.69
325,Kellby,De Caroli,kdecaroli90@paginegialle.it,Male,District of Columbia,NYSE,SUN,$7.65
326,Janenna,Nussgen,jnussgen91@printfriendly.com,Female,Michigan,NASDAQ,CYTR,$4.00
327,Alysa,,aebbers92@flavors.me,Female,Virginia,NYSE,BNJ,$0.95
328,Gualterio,Kidston,gkidston93@java.com,Male,California,NYSE,LLL,$10.00
329,Ardenia,Dilrew,adilrew94@imdb.com,Female,Georgia,NYSE,RYAM,$8.60
330,Desmond,Malec,dmalec95@gov.uk,Male,Georgia,NASDAQ,EVSTC,$1.37
331,Tate,Hinzer,thinzer96@trellian.com,Female,District of Columbia,NYSE,OLN,$4.83
332,Averil,Depka,adepka97@loc.gov,Female,Florida,NYSE,LUK,$3.85
333,Ninetta,Thunderchief,nthunderchief98@smugmug.com,Female,Texas,NASDAQ,TTNP,$9.05
334,Tedman,Keene,tkeene99@about.com,Male,New York,NASDAQ,SAL,$1.96
335,Chad,Seven,cseven9a@thetimes.co.uk,Female,Minnesota,NASDAQ,VRTX,$8.30
336,Anatol,Kennler,akennler9b@ask.com,Male,New York,NASDAQ,ICFI,$7.88
337,Alexander,Rawlin,arawlin9c@earthlink.net,Male,Illinois,NYSE,AKP,$2.70
338,Konstanze,Sprigg,ksprigg9d@last.fm,Female,Washington,NYSE,FMS,$6.26
339,Ephrayim,,ecuseick9e@fotki.com,Male,Texas,NASDAQ,UHAL,$2.26
340,Jesus,Fareweather,jfareweather9f@g.co,Male,Illinois,NASDAQ,MATW,$1.14
341,Maryellen,Scrowson,mscrowson9g@ask.com,Female,Texas,NYSE,BNED,$3.49
342,Geoff,Ottewill,gottewill9h@alibaba.com,Male,Nevada,NYSE,TCCA,$0.30
343,Edith,,egoney9i@skype.com,Female,Florida,NYSE,ECC           ,$7.23
344,Almire,Scutcheon,ascutcheon9j@comsenz.com,Female,California,NASDAQ,PRIM,$3.33
345,Sigismund,Cummings,scummings9k@cnn.com,Male,Texas,NYSE,ALLY^A,$0.92
346,Jammal,Gepson,jgepson9l@ftc.gov,Male,Washington,NYSE,OPP,$3.57
347,Rici,Hicks,rhicks9m@studiopress.com,Female,Illinois,NYSE,COE,$1.71
348,Geraldine,Kemmish,gkemmish9n@uiuc.edu,Female,Georgia,NASDAQ,FTEK,$6.24
349,Ludovika,Ruddle,lruddle9o@redcross.org,Female,California,NYSE,MUH,$3.70
350,Rossy,Soaper,rsoaper9p@cloudflare.com,Male,Virginia,NASDAQ,MCEF,$7.75
351,Lilian,Surpliss,lsurpliss9q@auda.org.au,Female,Texas,NASDAQ,PESI,$4.13
352,Lishe,Ferrettini,lferrettini9r@house.gov,Female,Alabama,NASDAQ,WSTG,$2.73
353,Waylin,Everall,weverall9s@epa.gov,Male,Massachusetts,NASDAQ,USAP,$3.96
354,Iona,,isoftley9t@cmu.edu,Female,Texas,NYSE,BIO.B,$8.00
355,Doralynn,Cosser,dcosser9u@goo.gl,Female,Indiana,NYSE,GFY,$7.45
356,Abba,Defries,adefries9v@cnn.com,Male,Tennessee,NYSE,WFE^A,$2.84
357,Berti,Clemendot,bclemendot9w@qq.com,Male,District of Columbia,NYSE,CVEO,$4.82
358,Lydia,Kentwell,lkentwell9x@chronoengine.com,Female,Florida,NYSE,BFS,$6.88
359,Annemarie,Lipson,alipson9y@hhs.gov,Female,Indiana,NYSE,JPM^D,$0.87
360,Zebadiah,Monro,zmonro9z@mediafire.com,Male,Colorado,NASDAQ,PRXL,$6.74
361,Fayina,Fricker,ffrickera0@smh.com.au,Female,Ohio,NYSE,TCCB,$2.31
362,Carol,Saffle,csafflea1@hc360.com,Female,Maryland,NASDAQ,VRIG,$4.80
363,Peterus,Hamsson,phamssona2@tamu.edu,Male,California,NASDAQ,HFBC,$2.61
364,Haven,Gilgryst,hgilgrysta3@unicef.org,Male,Ohio,NYSE,VST,$6.13
365,Bernardine,Gilhouley,bgilhouleya4@amazon.co.uk,Female,Indiana,NASDAQ,LPTH,$5.18
366,Carmon,Pacey,cpaceya5@elegantthemes.com,Female,Arkansas,NYSE,GAB^D,$1.61
367,Alain,Avery,aaverya6@businessinsider.com,Male,New York,NYSE,WFC^T,$5.99
368,Kenton,Joyson,kjoysona7@blogger.com,Male,Illinois,NASDAQ,WLTW,$6.00
369,Gwenette,Imlin,gimlina8@dailymotion.com,Female,North Carolina,NYSE,OIS,$2.77
370,Ferdinanda,Jarley,fjarleya9@shareasale.com,Female,Massachusetts,NYSE,GSH,$5.55
371,Hewe,Shafto,,Male,District of Columbia,NASDAQ,SUMR,$2.51
372,Bettina,Palay,bpalayab@cargocollective.com,Female,Maryland,NASDAQ,IDSY,$0.63
373,Kayle,Warboys,kwarboysac@home.pl,Female,North Carolina,NYSE,NX,$4.70
374,Cassaundra,Josefson,cjosefsonad@hp.com,Female,Kentucky,NYSE,M,$9.95
375,Xenia,Raynham,xraynhamae@ning.com,Female,Pennsylvania,NASDAQ,RPRX,$1.00
376,Florian,Batts,fbattsaf@artisteer.com,Male,Hawaii,NYSE,FBP,$4.04
377,Ham,Leng,hlengag@shareasale.com,Male,California,NASDAQ,DTEA,$6.03
378,Barnie,Buttwell,bbuttwellah@cbsnews.com,Male,Idaho,NASDAQ,DELT,$8.25
379,Pincas,Neal,pnealai@go.com,Male,Texas,NASDAQ,ATRO,$3.11
380,Baron,Strafen,bstrafenaj@qq.com,Male,Texas,NASDAQ,NTRI,$3.13
381,Brynne,Obee,bobeeak@macromedia.com,Female,Ohio,NASDAQ,CMCO,$4.99
382,Phillis,Trenaman,ptrenamanal@jalbum.net,Female,Florida,NYSE,NPV,$1.65
383,Tarrah,Lufkin,tlufkinam@webnode.com,Female,Alabama,NYSE,STAR^F,$5.76
384,Darrelle,,dcolmeran@gravatar.com,Female,Pennsylvania,NYSE,GMED,$4.39
385,Sadye,Hansod,shansodao@diigo.com,Female,New York,NYSE,REN           ,$0.58
386,Darnall,Coleborn,dcolebornap@mail.ru,Male,Arizona,NASDAQ,EBSB,$7.37
387,Janina,Yushachkov,jyushachkovaq@google.co.uk,Female,Alabama,NYSE,TI.A,$5.25
388,Marrilee,Gauntlett,mgauntlettar@unicef.org,Female,Colorado,NASDAQ,FTGC,$4.72
389,Halsy,O' Donohue,hodonohueas@ifeng.com,Male,Pennsylvania,NASDAQ,ISSC,$2.62
390,Rebecca,Ridgeway,rridgewayat@4shared.com,Female,Georgia,NASDAQ,ATHN,$1.17
391,Norrie,Redhole,nredholeau@salon.com,Female,Virginia,NASDAQ,ELOS,$2.75
392,Erie,Tape,etapeav@indiatimes.com,Male,Vermont,NYSE,TOL,$0.18
393,Teodoor,Lusher,tlusheraw@twitter.com,Male,Kentucky,NYSE,EGIF,$3.10
394,Tessa,Gossling,tgosslingax@earthlink.net,Female,Pennsylvania,NASDAQ,EXFO,$2.31
395,Kendre,Gencke,kgenckeay@npr.org,Female,Florida,NASDAQ,FAST,$4.21
396,Lilas,,lserrellaz@economist.com,Female,Kentucky,NASDAQ,BSTC,$8.45
397,Ikey,Klamp,iklampb0@cdbaby.com,Male,California,NYSE,APO,$5.60
398,Glynnis,Spuner,gspunerb1@nsw.gov.au,Female,California,NASDAQ,UCFC,$1.05
399,Ibby,Aireton,iairetonb2@furl.net,Female,California,NYSE,BHK,$0.37
400,Pinchas,Brede,pbredeb3@jalbum.net,Male,Tennessee,NYSE,IEX,$4.52
401,Erick,Seary,esearyb4@cdc.gov,Male,Virginia,NYSE,HGV,$5.50
402,Robinetta,Flewin,rflewinb5@youtube.com,Female,South Dakota,NYSE,LHO^J,$3.84
403,Adelina,Castaneda,acastanedab6@people.com.cn,Female,South Carolina,NASDAQ,AMBA,$1.58
404,Ignacius,Bulfield,ibulfieldb7@va.gov,Male,Alabama,NASDAQ,AMBA,$0.25
405,Desmund,Everwin,deverwinb8@cyberchimps.com,Male,New York,NASDAQ,WSFS,$9.56
406,Rosina,Housaman,rhousamanb9@issuu.com,Female,Nevada,NASDAQ,WLTW,$7.17
407,Tasia,Boydle,tboydleba@slashdot.org,Female,Texas,NASDAQ,VTGN,$6.52
408,Leighton,Wrinch,lwrinchbb@admin.ch,Male,California,NYSE,CMG,$0.49
409,Stern,Leyre,,Male,Indiana,NYSE,HON,$6.93
410,Samson,Arnull,sarnullbd@businessinsider.com,Male,Maryland,NYSE,GFF,$3.20
411,Far,Orthmann,forthmannbe@sitemeter.com,Male,Washington,NASDAQ,TLT,$9.41
412,Euphemia,Renowden,erenowdenbf@msn.com,Female,Georgia,NASDAQ,JBLU,$8.20
413,Madalena,,mcrenshawbg@bloglovin.com,Female,New York,NASDAQ,CSGS,$0.04
414,Fairleigh,Winterton,fwintertonbh@sogou.com,Male,Virginia,NYSE,CNDT,$3.71
415,Danyette,Stearn,dstearnbi@pagesperso-orange.fr,Female,Wisconsin,NASDAQ,LCAHU,$6.82
416,Ronny,Paylie,rpayliebj@blogs.com,Male,Massachusetts,NYSE,CMI,$7.84
417,Yvonne,Llewhellin,,Female,Texas,NYSE,FUN,$5.74
418,Jacquelynn,Stocker,jstockerbl@mlb.com,Female,Texas,NASDAQ,TCBIL,$6.77
419,Edie,Westfield,ewestfieldbm@tumblr.com,Female,Massachusetts,NYSE,PSA^F,$6.28
420,Colver,Dils,cdilsbn@myspace.com,Male,New York,NYSE,AOI,$2.06
421,Baxy,Barensky,bbarenskybo@devhub.com,Male,Texas,NASDAQ,SIFY,$2.38
422,Theresita,Schukert,tschukertbp@xinhuanet.com,Female,Texas,NYSE,BLH,$8.41
423,Lorettalorna,Gillicuddy,lgillicuddybq@cisco.com,Female,California,NASDAQ,VMBS,$8.28
424,Agnese,Odde,aoddebr@dion.ne.jp,Female,Indiana,NASDAQ,SYMC,$5.57
425,Blisse,Gason,bgasonbs@google.fr,Female,Illinois,NASDAQ,INGN,$5.04
426,Shaylah,Sarah,ssarahbt@example.com,Female,California,NYSE,PSB^W,$6.17
427,Florie,Ropp,froppbu@about.me,Female,Massachusetts,NASDAQ,OVLY,$5.94
428,Daloris,Reinbeck,dreinbeckbv@baidu.com,Female,Florida,NYSE,STT^C,$3.83
429,Marion,McIllroy,mmcillroybw@epa.gov,Male,New York,NASDAQ,NANO,$2.73
430,Marthe,Greatex,mgreatexbx@livejournal.com,Female,Texas,NASDAQ,TRVG,$3.66
431,Lawry,Prahm,lprahmby@webnode.com,Male,Georgia,NYSE,ASB^D,$3.87
432,Mikael,Dagon,mdagonbz@huffingtonpost.com,Male,Kansas,NASDAQ,MNRO,$0.90
433,Suzanne,Normabell,snormabellc0@foxnews.com,Female,Texas,NASDAQ,WCST,$7.10
434,Evelyn,Aery,eaeryc1@rakuten.co.jp,Male,Louisiana,NYSE,GWW,$3.60
435,Bryant,Dy,bdyc2@admin.ch,Male,New York,NASDAQ,SBCF,$9.00
436,Nicolis,Chadbourne,nchadbournec3@vinaora.com,Male,Connecticut,NASDAQ,LINU,$5.07
437,Lindsay,McClinton,lmcclintonc4@meetup.com,Male,Nevada,NYSE,ESTE,$6.83
438,Benjy,Vinden,bvindenc5@soundcloud.com,Male,West Virginia,NYSE,XOM,$9.56
439,Darryl,,daleninc6@theglobeandmail.com,Female,Michigan,NASDAQ,WHLR,$2.34
440,Erskine,Renvoys,erenvoysc7@com.com,Male,Florida,NYSE,BKFS,$2.91
441,Shannen,Mathieson,smathiesonc8@pen.io,Female,California,NASDAQ,TCBIL,$3.82
442,Gunther,Rameaux,grameauxc9@topsy.com,Male,New York,NYSE,SON,$7.08
443,Devonne,Geldart,dgeldartca@ebay.com,Female,Tennessee,NASDAQ,SFBS,$4.08
444,Genevieve,Steutly,gsteutlycb@angelfire.com,Female,Tennessee,NASDAQ,XNCR,$3.66
445,Kristy,Edelmann,kedelmanncc@wikimedia.org,Female,Washington,NYSE,TWTR,$1.36
446,Pyotr,Koopman,pkoopmancd@newsvine.com,Male,West Virginia,NYSE,SGU,$2.25
447,Vern,,vwybornce@php.net,Male,Wisconsin,NASDAQ,UTMD,$7.63
448,Chas,LaBastida,clabastidacf@drupal.org,Male,Florida,NASDAQ,NYMT,$4.47
449,Becki,Pendrid,bpendridcg@homestead.com,Female,Indiana,NYSE,STM,$3.58
450,Austen,Prestie,aprestiech@list-manage.com,Male,Ohio,NYSE,LFC,$8.47
451,Mitzi,McLucky,mmcluckyci@cisco.com,Female,Georgia,NYSE,WHR,$5.70
452,Eadith,Cleaton,ecleatoncj@bandcamp.com,Female,California,NYSE,GGT,$2.33
453,Lettie,O'Geneay,logeneayck@hao123.com,Female,Florida,NASDAQ,SONA,$4.10
454,Vanya,Narraway,vnarrawaycl@geocities.jp,Male,Tennessee,NYSE,PKX,$9.01
455,Lucinda,,lcroziercm@tiny.cc,Female,Virginia,NYSE,GD,$3.56
456,Auberon,,acrossgrovecn@xinhuanet.com,Male,Missouri,NASDAQ,HFBC,$0.40
457,Ardene,Lethcoe,alethcoeco@prlog.org,Female,West Virginia,NASDAQ,ICAD,$8.01
458,Nealy,Pepis,npepiscp@is.gd,Male,Virginia,NASDAQ,GDEN,$6.22
459,Amalle,Sutterby,asutterbycq@amazon.co.jp,Female,Missouri,NYSE,BMI,$8.40
460,Raymond,Rigney,rrigneycr@hubpages.com,Male,Ohio,NASDAQ,FCEL,$2.69
461,Odell,Ashdown,oashdowncs@lycos.com,Male,New York,NASDAQ,CLSD,$2.18
462,Alexis,,afarfolomeevct@cloudflare.com,Male,Georgia,NASDAQ,PNRG,$0.14
463,Linette,Deshorts,ldeshortscu@bing.com,Female,California,NYSE,SOL,$7.54
464,Eal,Follos,efolloscv@mashable.com,Male,Missouri,NASDAQ,SMBC,$9.48
465,Jermaine,Jekel,jjekelcw@elegantthemes.com,Female,Missouri,NYSE,NS,$1.15
466,Glennis,Salzberg,gsalzbergcx@npr.org,Female,California,NYSE,TMK^B,$1.13
467,Marlo,Beswell,mbeswellcy@icio.us,Male,California,NASDAQ,QVCB,$2.68
468,Valli,Godfree,vgodfreecz@facebook.com,Female,Florida,NASDAQ,BANX,$8.55
469,Gerta,Geeraert,ggeeraertd0@usnews.com,Female,Arizona,NASDAQ,CDTI,$3.83
470,Garrott,Gravener,ggravenerd1@ning.com,Male,North Carolina,NASDAQ,ANY,$1.23
471,Launce,Neath,lneathd2@answers.com,Male,New York,NASDAQ,WHFBL,$3.34
472,Julie,Devereu,jdevereud3@loc.gov,Female,Texas,NYSE,PSA^T,$7.70
473,Carlynn,Ballay,cballayd4@examiner.com,Female,California,NYSE,GKOS,$6.38
474,Bradney,Boycott,bboycottd5@shop-pro.jp,Male,Michigan,NASDAQ,PBHC,$7.89
475,Sterling,,sscrannaged6@yahoo.com,Male,Maryland,NASDAQ,VUSE,$0.16
476,Micki,Fairs,mfairsd7@mediafire.com,Female,Tennessee,NASDAQ,WTFCW,$0.31
477,Siouxie,Grass,sgrassd8@macromedia.com,Female,New York,NASDAQ,CNTY,$6.30
478,Raphaela,Djekovic,rdjekovicd9@youtube.com,Female,Illinois,NYSE,TOO^A,$9.98
479,Rudy,Chasson,rchassonda@trellian.com,Male,Texas,NYSE,LLL,$9.47
480,Artus,Nutten,anuttendb@netlog.com,Male,South Carolina,NASDAQ,TUES,$2.46
481,Penelopa,Whiterod,pwhiteroddc@goo.ne.jp,Female,New Jersey,NYSE,TEO,$0.30
482,Devlen,,dcranstondd@simplemachines.org,Male,Texas,NYSE,ACV,$1.06
483,Mike,Haggish,mhaggishde@tripod.com,Male,Virginia,NYSE,MAA,$4.60
484,Malorie,Arnot,marnotdf@whitehouse.gov,Female,New York,NASDAQ,VRNS,$9.31
485,Ferne,Marcq,fmarcqdg@sitemeter.com,Female,Washington,NASDAQ,PROV,$2.07
486,Esma,Leavy,eleavydh@bloglines.com,Female,California,NASDAQ,EMITF,$0.22
487,Lenore,Rubega,lrubegadi@sbwire.com,Female,California,NYSE,MHF,$7.30
488,Khalil,Droghan,kdroghandj@ocn.ne.jp,Male,Nevada,NASDAQ,ZIV,$9.82
489,Rebbecca,Duffy,rduffydk@rambler.ru,Female,Florida,NYSE,DNI,$0.38
490,Diarmid,Grisdale,dgrisdaledl@army.mil,Male,South Carolina,NASDAQ,MIME,$7.19
491,Tabb,MacAllister,tmacallisterdm@newsvine.com,Male,Arizona,NASDAQ,AKRX,$6.37
492,Leontine,Baughen,lbaughendn@cpanel.net,Female,New York,NASDAQ,IIIN,$2.17
493,Lorne,Houlridge,lhoulridgedo@wikipedia.org,Male,Pennsylvania,NYSE,NMM,$4.07
494,Doe,Dewis,ddewisdp@w3.org,Female,Kansas,NASDAQ,LGCY,$9.04
495,Nickola,Cully,ncullydq@cloudflare.com,Male,Indiana,NASDAQ,BLCM,$7.10
496,Reinaldos,,rwasselindr@is.gd,Male,Virginia,NASDAQ,ABCO,$1.30
497,Maud,,mmacallamds@yolasite.com,Female,Illinois,NASDAQ,CRBP,$2.74
498,Meredeth,Klimushev,mklimushevdt@army.mil,Male,Florida,NYSE,IGI,$0.18
499,Ber,,bpaolazzidu@facebook.com,Male,Nebraska,NASDAQ,HBMD,$6.42
500,Emelia,Ishchenko,eishchenkodv@springer.com,Female,Virginia,NYSE,ALR^B,$6.43
501,Barbe,Spain-Gower,bspaingowerdw@phoca.cz,Female,Nevada,NYSE,GOL,$5.53
502,Sarge,Waddilow,swaddilowdx@github.io,Male,Michigan,NASDAQ,PSCU,$9.48
503,Saunder,Lanon,slanondy@alibaba.com,Male,Virginia,NYSE,GDO,$3.53
504,Fonz,Mauchline,fmauchlinedz@amazon.co.uk,Male,Pennsylvania,NYSE,ALLE,$8.92
505,Della,Gomme,dgommee0@psu.edu,Female,Mississippi,NASDAQ,INCY,$4.33
506,Oswell,,omcilwaine1@facebook.com,Male,Minnesota,NYSE,CPG,$7.05
507,Tildie,,ttomae2@pinterest.com,Female,Florida,NYSE,CLDR,$9.14
508,Nancie,McMurdo,nmcmurdoe3@cnet.com,Female,Tennessee,NYSE,T,$7.75
509,Ivar,Klimushev,iklimusheve4@dmoz.org,Male,North Carolina,NYSE,ACCO,$6.75
510,Homer,Bolzen,hbolzene5@howstuffworks.com,Male,Arizona,NASDAQ,FMAO,$2.29
511,Akim,Coltan,acoltane6@ifeng.com,Male,Missouri,NASDAQ,LMRK,$5.13
512,Kip,Lidell,klidelle7@yolasite.com,Male,Louisiana,NASDAQ,BKEP,$1.70
513,Nomi,Radoux,nradouxe8@taobao.com,Female,Florida,NASDAQ,TWOU,$0.13
514,Sallyanne,Brennenstuhl,sbrennenstuhle9@miibeian.gov.cn,Female,California,NASDAQ,AREX,$5.43
515,Estelle,Doak,edoakea@illinois.edu,Female,Missouri,NYSE,AZN,$8.77
516,Rodolfo,De Biasio,rdebiasioeb@youku.com,Male,Missouri,NYSE,NRK,$7.25
517,Ronalda,McClintock,rmcclintockec@un.org,Female,Illinois,NYSE,SHO^E,$2.73
518,Gabriello,Stockow,gstockowed@hubpages.com,Male,Nevada,NYSE,NWY,$5.87
519,Clair,Turl,cturlee@soup.io,Female,New York,NASDAQ,LOGM,$7.88
520,Lonee,Gatecliff,lgatecliffef@baidu.com,Female,Florida,NASDAQ,NTES,$9.14
521,Mikael,Reoch,mreocheg@nationalgeographic.com,Male,Florida,NYSE,KIM^K,$3.56
522,Ugo,Dungey,udungeyeh@nydailynews.com,Male,California,NYSE,GAB^G,$1.51
523,Ario,Gierhard,agierhardei@businesswire.com,Male,North Carolina,NYSE,JHY,$0.04
524,Corenda,Elesander,celesanderej@umich.edu,Female,Alabama,NASDAQ,CALD,$3.84
525,Ric,Wennington,rwenningtonek@reference.com,Male,Connecticut,NYSE,ANTM,$2.83
526,Tom,Tembridge,ttembridgeel@disqus.com,Male,District of Columbia,NYSE,LFGR,$1.76
527,Christiana,Cowperthwaite,ccowperthwaiteem@infoseek.co.jp,Female,Illinois,NYSE,TRV,$1.41
528,Ceciley,,cbamseyen@yelp.com,Female,California,NASDAQ,PGNX,$4.07
529,Candis,Desesquelle,cdesesquelleeo@vimeo.com,Female,Minnesota,NYSE,KAP,$2.42
530,Daffi,Corss,dcorssep@mlb.com,Female,Massachusetts,NASDAQ,SNAK,$7.94
531,Derril,Cutsforth,dcutsfortheq@pinterest.com,Male,South Dakota,NYSE,IRET^B,$7.88
532,Nerti,Elvin,nelviner@merriam-webster.com,Female,California,NYSE,SCI,$6.10
533,Hailey,Schroter,hschroteres@hc360.com,Male,District of Columbia,NYSE,HEI,$8.58
534,Darryl,Gallon,dgallonet@yellowpages.com,Female,Connecticut,NYSE,NLSN,$1.30
535,Florian,Carlan,fcarlaneu@cam.ac.uk,Male,California,NASDAQ,SVBI,$3.13
536,Jeanna,Smeuin,jsmeuinev@wikipedia.org,Female,Georgia,NYSE,GYC,$6.26
537,Carey,Swanborough,cswanboroughew@msn.com,Male,Georgia,NASDAQ,JMBA,$0.82
538,Marcellus,Cockarill,mcockarillex@ocn.ne.jp,Male,New Jersey,NASDAQ,IMPV,$0.41
539,Lizette,Jepperson,ljeppersoney@google.nl,Female,Florida,NASDAQ,DWFI,$3.97
540,Neille,,nrockellez@discuz.net,Female,Connecticut,NYSE,ALL,$4.15
541,Dennison,Marle,dmarlef0@w3.org,Male,Colorado,NYSE,MS^I,$3.53
542,Lawton,Kinder,lkinderf1@unesco.org,Male,Minnesota,NYSE,BMY,$6.41
543,Xylina,Coombe,xcoombef2@posterous.com,Female,California,NYSE,WBT,$2.84
544,Vince,Crut,vcrutf3@flickr.com,Male,Florida,NYSE,AVT,$2.84
545,Lindsy,,lcorpesf4@cisco.com,Female,California,NASDAQ,SANW,$3.70
546,Ardene,Mundow,amundowf5@printfriendly.com,Female,California,NYSE,GPN,$3.03
547,Alidia,Deerness,adeernessf6@newyorker.com,Female,Georgia,NASDAQ,RDUS,$8.98
548,Marsiella,Sampey,msampeyf7@dell.com,Female,Indiana,NYSE,NOA,$6.70
549,Jeth,Calderwood,jcalderwoodf8@cnbc.com,Male,Iowa,NASDAQ,ABTL,$8.85
550,Olive,Semper,osemperf9@state.tx.us,Female,California,NYSE,ITCB,$2.41
551,Silvain,Cristofaro,scristofarofa@discovery.com,Male,California,NASDAQ,EMCG,$9.46
552,Ivy,Dowyer,idowyerfb@trellian.com,Female,New York,NASDAQ,SAJA,$1.35
553,Madelyn,Emanueli,memanuelifc@blogtalkradio.com,Female,Colorado,NYSE,VLT,$5.30
554,Piotr,,pchellamfd@uol.com.br,Male,Montana,NYSE,GOL,$6.80
555,Misha,Gonet,mgonetfe@ustream.tv,Female,Minnesota,NYSE,WMS,$1.99
556,Gardie,Devanney,gdevanneyff@java.com,Male,Texas,NYSE,AFG,$3.50
557,Anastasia,Lucchi,alucchifg@tumblr.com,Female,Florida,NASDAQ,FRED,$5.01
558,Ula,Woolstenholmes,uwoolstenholmesfh@washington.edu,Female,Pennsylvania,NYSE,SSNI,$7.37
559,Werner,Cristea,wcristeafi@about.com,Male,District of Columbia,NYSE,KW,$2.88
560,Jeanne,Beswetherick,jbeswetherickfj@youku.com,Female,Oklahoma,NASDAQ,OASM,$7.76
561,Alena,Lys,alysfk@webs.com,Female,California,NASDAQ,NAUH,$5.66
562,Abbott,Birwhistle,abirwhistlefl@icq.com,Male,Michigan,NYSE,IHG,$4.98
563,Agata,,asealandfm@cpanel.net,Female,Illinois,NASDAQ,JSYN,$5.58
564,Mellisent,,mmerriganfn@marriott.com,Female,Indiana,NYSE,ALEX,$4.42
565,Cyrillus,Fridaye,cfridayefo@1688.com,Male,New York,NASDAQ,CRTN,$9.79
566,Chalmers,McGeoch,cmcgeochfp@arizona.edu,Male,Virginia,NYSE,GLOP^A,$8.81
567,Slade,Simmance,ssimmancefq@themeforest.net,Male,Florida,NYSE,WFC,$2.26
568,Dorella,Humbee,dhumbeefr@histats.com,Female,Florida,NYSE,SLCA,$5.08
569,Ernesto,Cristou,ecristoufs@about.com,Male,New York,NYSE,IAE,$4.47
570,Rikki,Skelhorn,rskelhornft@newyorker.com,Female,West Virginia,NASDAQ,EMITF,$0.33
571,Genny,Paydon,gpaydonfu@miitbeian.gov.cn,Female,Iowa,NYSE,TDA,$4.30
572,Maible,Menpes,mmenpesfv@zdnet.com,Female,Utah,NASDAQ,TMUS,$6.98
573,Chelsie,Stanney,cstanneyfw@dropbox.com,Female,Washington,NYSE,PHH,$7.62
574,Sammie,Oylett,soylettfx@amazon.de,Male,California,NYSE,TNP^C,$3.98
575,Filberto,Weekland,fweeklandfy@trellian.com,Male,District of Columbia,NASDAQ,NEWTZ,$3.95
576,Dottie,Gaynes,dgaynesfz@pen.io,Female,Kansas,NASDAQ,FNBG,$8.81
577,Stesha,Bradnocke,sbradnockeg0@so-net.ne.jp,Female,Colorado,NASDAQ,VRNT,$4.08
578,Allx,,aharmourg1@examiner.com,Female,Florida,NASDAQ,CYOU,$3.38
579,Vania,Greg,vgregg2@npr.org,Female,Texas,NYSE,XOM,$1.24
580,Claudianus,Jannaway,cjannawayg3@list-manage.com,Male,Florida,NASDAQ,WMIH,$0.72
581,Roobbie,Creeber,rcreeberg4@globo.com,Female,Virginia,NYSE,APD,$8.34
582,Andrus,Brandin,abranding5@bloglovin.com,Male,North Carolina,NYSE,CTLT,$1.16
583,Nikkie,Toxell,ntoxellg6@w3.org,Female,California,NASDAQ,AZPN,$4.93
584,Reena,Daughtery,rdaughteryg7@oaic.gov.au,Female,Missouri,NASDAQ,CHY,$3.78
585,Lenci,Immins,limminsg8@ca.gov,Male,Nebraska,NYSE,TLI,$3.25
586,Gerardo,Gonsalvez,ggonsalvezg9@cloudflare.com,Male,Illinois,NASDAQ,EXAC,$9.68
587,Paulo,Lovemore,plovemorega@joomla.org,Male,Virginia,NYSE,AKR,$7.66
588,Pooh,Orring,porringgb@elegantthemes.com,Male,Texas,NYSE,MFL,$5.82
589,Thomasin,Peel,tpeelgc@elegantthemes.com,Female,Minnesota,NASDAQ,LMNX,$7.33
590,Jany,Laurenty,jlaurentygd@army.mil,Female,Virginia,NASDAQ,SHLDW,$4.60
591,Haven,Sturton,hsturtonge@buzzfeed.com,Male,Texas,NYSE,KNX,$8.63
592,Corabella,Pellatt,cpellattgf@google.es,Female,Illinois,NASDAQ,GLUU,$2.74
593,Malina,Paunton,,Female,California,NYSE,JTD,$3.73
594,Quintana,Searle,qsearlegh@dion.ne.jp,Female,North Carolina,NYSE,EFC,$9.16
595,Helga,Still,hstillgi@zdnet.com,Female,New York,NASDAQ,GRIF,$5.70
596,Row,Yellep,ryellepgj@gravatar.com,Female,Utah,NASDAQ,NCSM,$2.36
597,Mollee,Speir,mspeirgk@typepad.com,Female,Texas,NASDAQ,GIGM,$7.40
598,Terza,Engel,tengelgl@cisco.com,Female,Kansas,NASDAQ,CID,$8.31
599,Wilden,Extence,wextencegm@cafepress.com,Male,Texas,NYSE,GLOP,$8.60
600,Kanya,Chowne,kchownegn@adobe.com,Female,New York,NYSE,REG^G,$8.96
601,Guglielma,Stopp,gstoppgo@ocn.ne.jp,Female,District of Columbia,NYSE,EAB,$1.02
602,Harold,Creigan,hcreigangp@wikimedia.org,Male,New York,NASDAQ,LAUR,$6.45
603,Edan,Ambrose,eambrosegq@yale.edu,Male,Florida,NYSE,BML^J,$3.00
604,Georgy,Gouth,ggouthgr@cargocollective.com,Male,Florida,NASDAQ,UCFC,$2.86
605,Tabby,Kelby,tkelbygs@aboutads.info,Male,Minnesota,NYSE,NOK,$6.33
606,Carolus,,ccarvillegt@prnewswire.com,Male,Arizona,NASDAQ,MCHP,$5.45
607,Albrecht,Dhennin,adhenningu@vistaprint.com,Male,Massachusetts,NYSE,DPS,$3.66
608,Akim,Louiset,alouisetgv@eepurl.com,Male,Texas,NASDAQ,TIL,$8.92
609,Wyatt,Farahar,wfarahargw@joomla.org,Male,Florida,NASDAQ,IBKCP,$8.09
610,Mariellen,de Werk,mdewerkgx@java.com,Female,Alabama,NYSE,GNRT,$9.73
611,Lodovico,Haughian,lhaughiangy@nifty.com,Male,Virginia,NYSE,AMH^B,$3.21
612,Myranda,Lunk,mlunkgz@weibo.com,Female,New York,NASDAQ,FITBI,$7.84
613,Engracia,Marrows,emarrowsh0@unicef.org,Female,California,NASDAQ,DSPG,$5.77
614,Rebecka,Kieran,rkieranh1@linkedin.com,Female,Ohio,NYSE,AT,$9.59
615,Seumas,Etty,settyh2@hatena.ne.jp,Male,Rhode Island,NASDAQ,VOXX,$4.07
616,Ralina,Sloyan,rsloyanh3@marriott.com,Female,New York,NASDAQ,PPC,$3.51
617,Lannie,Teodori,lteodorih4@cnbc.com,Male,California,NASDAQ,SMRT,$5.91
618,Caleb,,cdentyh5@amazon.co.jp,Male,Texas,NASDAQ,OTIV,$4.09
619,Daren,Abele,dabeleh6@flickr.com,Male,Texas,NYSE,PL^E,$7.51
620,Viva,Pinchin,vpinchinh7@networkadvertising.org,Female,West Virginia,NASDAQ,ISRL,$3.76
621,Marsh,Netting,mnettingh8@wired.com,Male,Indiana,NASDAQ,BDE,$2.76
622,Hortensia,Hiland,hhilandh9@wufoo.com,Female,Missouri,NASDAQ,DDBI,$4.83
623,Guilbert,Moscon,gmosconha@mediafire.com,Male,Alabama,NYSE,NOMD,$2.39
624,Alphard,Bohden,abohdenhb@sphinn.com,Male,Virginia,NYSE,CHSP,$2.06
625,Koralle,Zanetto,kzanettohc@bloglines.com,Female,California,NYSE,ESL,$8.87
626,Euphemia,Desvignes,edesvigneshd@pen.io,Female,Indiana,NASDAQ,INNL,$3.61
627,Kelbee,,kbruckmannhe@xing.com,Male,Florida,NYSE,AFSI^A,$7.74
628,Ardelia,,abernardouxhf@cyberchimps.com,Female,Virginia,NYSE,PHM,$0.88
629,Coral,,cgreenhowehg@artisteer.com,Female,California,NYSE,STL,$1.13
630,Ingram,Dalinder,idalinderhh@goo.gl,Male,Georgia,NASDAQ,DORM,$4.61
631,Jeralee,Rudiger,jrudigerhi@wiley.com,Female,Oklahoma,NYSE,PZN,$2.55
632,Joyann,,jerdelyhj@reuters.com,Female,Pennsylvania,NASDAQ,CHSCL,$1.54
633,Winona,Enser,wenserhk@cloudflare.com,Female,New York,NASDAQ,OSUR,$7.51
634,Ricardo,MacDowal,rmacdowalhl@slashdot.org,Male,Alabama,NYSE,HMLP,$9.81
635,Graham,Beach,gbeachhm@phoca.cz,Male,Ohio,NASDAQ,NEPT,$0.86
636,Marion,Basilone,mbasilonehn@ehow.com,Male,Minnesota,NYSE,NX,$4.81
637,Gonzales,Thornally,gthornallyho@bravesites.com,Male,Tennessee,NASDAQ,MRAM,$2.36
638,Hernando,MacKnockiter,hmacknockiterhp@businessweek.com,Male,California,NASDAQ,IDSY,$8.55
639,Camey,Astbury,,Male,Kansas,NYSE,SKT,$5.33
640,Stacia,Siviour,ssiviourhr@google.nl,Female,Montana,NYSE,ECCB,$4.86
641,Cynde,Han,chanhs@china.com.cn,Female,California,NYSE,JPM^G,$9.19
642,Ardelle,Snalom,asnalomht@fda.gov,Female,South Carolina,NYSE,SXI,$9.99
643,Adriana,,aswitsurhu@omniture.com,Female,Nebraska,NASDAQ,GT,$0.12
644,Ardelia,Sarvar,asarvarhv@networksolutions.com,Female,Virginia,NASDAQ,ANIP,$6.57
645,Anselm,Baguley,abaguleyhw@samsung.com,Male,Texas,NASDAQ,EGHT,$8.93
646,Corinne,Ferrier,cferrierhx@earthlink.net,Female,Texas,NASDAQ,BVXVW,$0.68
647,Kirstin,Tolliday,ktollidayhy@tiny.cc,Female,Missouri,NYSE,BF.B,$7.32
648,Tabbatha,Buckoke,tbuckokehz@reverbnation.com,Female,Connecticut,NASDAQ,GTLS,$1.21
649,Inigo,Dassindale,idassindalei0@wikimedia.org,Male,New York,NASDAQ,CETX,$7.80
650,Ellary,Aindrais,eaindraisi1@google.es,Male,New York,NYSE,GTT,$2.42
651,Thaddus,Krahl,tkrahli2@purevolume.com,Male,New York,NASDAQ,CPAAW,$4.35
652,Shannon,,sdreveri3@lulu.com,Male,Florida,NASDAQ,KTEC,$5.53
653,Catlaina,Delion,cdelioni4@ted.com,Female,Texas,NYSE,SPXC,$3.89
654,Corina,Cruddas,ccruddasi5@kickstarter.com,Female,Idaho,NASDAQ,JCOM,$9.24
655,Garald,Moffett,gmoffetti6@paypal.com,Male,Texas,NASDAQ,GOGO,$7.79
656,Kain,Arnao,karnaoi7@hc360.com,Male,West Virginia,NASDAQ,DVCR,$5.32
657,Ringo,Boeter,rboeteri8@odnoklassniki.ru,Male,Indiana,NYSE,RHP,$2.77
658,Bonnibelle,Eddowis,beddowisi9@wp.com,Female,New York,NASDAQ,PUB,$5.05
659,Howard,Stitcher,hstitcheria@newsvine.com,Male,Michigan,NASDAQ,CDZI,$3.16
660,Chiarra,Shrubb,cshrubbib@sourceforge.net,Female,Massachusetts,NASDAQ,NESR,$4.92
661,Pattin,Hulburt,phulburtic@va.gov,Male,West Virginia,NASDAQ,DWAQ,$3.74
662,Jamaal,Raggett,jraggettid@tuttocitta.it,Male,Florida,NASDAQ,WBMD,$8.28
663,Bobinette,,bizakoffie@discuz.net,Female,Missouri,NASDAQ,ABIL,$7.62
664,Silvan,McVity,smcvityif@liveinternet.ru,Male,California,NASDAQ,NUROW,$7.57
665,Mabel,Morphet,mmorphetig@slashdot.org,Female,Arizona,NASDAQ,TAYD,$8.12
666,Mikael,Whalebelly,mwhalebellyih@cpanel.net,Male,Florida,NASDAQ,ODP,$8.26
667,Gaspar,Fery,gferyii@hugedomains.com,Male,South Carolina,NASDAQ,PAAC,$4.75
668,Delmer,MacFadyen,dmacfadyenij@yolasite.com,Male,California,NYSE,JHG,$8.80
669,Ansell,Davinet,adavinetik@pbs.org,Male,Texas,NYSE,ETG,$3.48
670,Pietra,Burleton,pburletonil@bbb.org,Female,Florida,NYSE,PEN,$8.31
671,Maxi,Dyball,mdyballim@illinois.edu,Female,Ohio,NASDAQ,ON,$6.27
672,Tansy,Longhirst,tlonghirstin@uol.com.br,Female,Washington,NYSE,ANTX,$0.22
673,Alyda,Berthelet,abertheletio@disqus.com,Female,Florida,NYSE,PEO,$3.25
674,Issie,Ogborn,iogbornip@g.co,Female,Oklahoma,NASDAQ,MGEN,$0.00
675,Francisco,Wilber,fwilberiq@qq.com,Male,Washington,NYSE,PRTY,$9.15
676,Sallie,Baythorp,sbaythorpir@ca.gov,Female,New York,NASDAQ,INSE,$3.00
677,Cortie,M'cowis,cmcowisis@cmu.edu,Male,California,NASDAQ,BIOP,$5.16
678,Pansie,Trever,ptreverit@infoseek.co.jp,Female,Florida,NASDAQ,UBFO,$2.92
679,Colas,Learmonth,clearmonthiu@cargocollective.com,Male,New Mexico,NYSE,WDR,$9.17
680,Ezechiel,,ewhetheriv@alibaba.com,Male,North Carolina,NASDAQ,WIX,$3.06
681,Sidnee,Gilhooly,sgilhoolyiw@boston.com,Male,Florida,NYSE,HRTG,$1.93
682,Pietro,Dawney,pdawneyix@oakley.com,Male,New York,NASDAQ,LFVN,$8.60
683,Atlanta,Dood,adoodiy@ning.com,Female,Massachusetts,NYSE,TREX,$3.23
684,Bram,Fifoot,bfifootiz@state.gov,Male,Tennessee,NYSE,TWO,$7.70
685,Merrill,Mendonca,mmendoncaj0@joomla.org,Male,Washington,NASDAQ,SFST,$0.71
686,Elton,Brocklehurst,ebrocklehurstj1@skyrock.com,Male,Florida,NASDAQ,CSBK,$3.19
687,Read,Pavey,rpaveyj2@goodreads.com,Male,Ohio,NYSE,SJW,$2.63
688,Penrod,Denver,pdenverj3@seattletimes.com,Male,Virginia,NASDAQ,IPAR,$9.47
689,Brendon,Papaccio,bpapaccioj4@census.gov,Male,Colorado,NASDAQ,PVBC,$1.97
690,Vittoria,Morefield,vmorefieldj5@icio.us,Female,Florida,NYSE,DM,$8.62
691,Howie,MacCurtain,hmaccurtainj6@bbb.org,Male,New York,NYSE,MDR,$8.16
692,Robert,Braidon,rbraidonj7@qq.com,Male,Georgia,NASDAQ,STRS,$8.73
693,Oralee,,ocreusj8@privacy.gov.au,Female,Kansas,NYSE,CMG,$6.80
694,Nertie,Gabbitus,ngabbitusj9@webs.com,Female,California,NYSE,LHO^I,$9.58
695,Evania,Strephan,estrephanja@addthis.com,Female,Maryland,NASDAQ,THLD,$4.10
696,Fitzgerald,Tosh,ftoshjb@woothemes.com,Male,South Carolina,NASDAQ,MGRC,$8.62
697,Lorene,Marking,lmarkingjc@hhs.gov,Female,Illinois,NYSE,AFGE,$0.87
698,Leonard,Hastler,lhastlerjd@nationalgeographic.com,Male,Florida,NASDAQ,ELECU,$3.38
699,Der,England,denglandje@xinhuanet.com,Male,Michigan,NASDAQ,BICK,$3.53
700,Meggi,Corneljes,mcorneljesjf@answers.com,Female,Connecticut,NYSE,DHR,$3.67
701,Mallorie,Croll,mcrolljg@hatena.ne.jp,Female,Texas,NYSE,ABR,$3.89
702,Tailor,Theriot,ttheriotjh@4shared.com,Male,California,NASDAQ,TANH,$3.17
703,Chad,Burnett,cburnettji@webnode.com,Male,Georgia,NYSE,HEP,$0.36
704,Maura,Harwell,mharwelljj@cdbaby.com,Female,Texas,NASDAQ,PBCTP,$6.37
705,Sylas,Petrina,spetrinajk@blogger.com,Male,District of Columbia,NASDAQ,FTC,$0.56
706,Aaron,,abarokjl@archive.org,Male,Florida,NASDAQ,CHNR,$0.59
707,Jacenta,Stannett,jstannettjm@webeden.co.uk,Female,Texas,NASDAQ,EXTR,$6.81
708,Hanni,Wainscoat,hwainscoatjn@elegantthemes.com,Female,Texas,NASDAQ,VGLT,$4.25
709,Lannie,Paulus,lpaulusjo@cpanel.net,Male,North Carolina,NYSE,BGH,$3.28
710,Jorgan,Greville,jgrevillejp@wisc.edu,Male,Pennsylvania,NYSE,BPY,$8.06
711,Celestyna,Thistleton,cthistletonjq@hud.gov,Female,District of Columbia,NYSE,MYI,$2.49
712,Coleen,Retter,cretterjr@elegantthemes.com,Female,Florida,NASDAQ,IKNX,$9.17
713,Richmond,Larman,rlarmanjs@globo.com,Male,New York,NYSE,WFT,$1.72
714,Meredeth,Polendine,mpolendinejt@state.gov,Male,Virginia,NASDAQ,RXDX,$7.53
715,Rafa,Balsellie,rbalsellieju@ovh.net,Female,California,NASDAQ,SYMC,$7.16
716,Jerrine,Mulford,jmulfordjv@shop-pro.jp,Female,Washington,NASDAQ,STRL,$3.15
717,Sharity,,sgyejw@chron.com,Female,California,NYSE,ITCB,$0.84
718,Adda,Dudbridge,adudbridgejx@reddit.com,Female,South Dakota,NYSE,PSB^W,$8.81
719,Mara,,mmckellerjy@nhs.uk,Female,District of Columbia,NASDAQ,LLNW,$1.66
720,Latrina,Tann,ltannjz@privacy.gov.au,Female,New York,NYSE,IFN,$0.28
721,Philippe,Logie,plogiek0@privacy.gov.au,Female,Virginia,NASDAQ,AIRT,$9.14
722,Chaim,Biaggioli,cbiaggiolik1@sitemeter.com,Male,California,NYSE,BAC^L,$0.65
723,Harwilll,Coull,hcoullk2@phoca.cz,Male,Maryland,NYSE,MUC,$3.42
724,Agnes,Commins,acomminsk3@youtube.com,Female,California,NYSE,TRV,$4.43
725,Chickie,,csangwink4@barnesandnoble.com,Male,Texas,NASDAQ,RP,$9.25
726,Esteban,Gregolin,egregolink5@theguardian.com,Male,Texas,NASDAQ,EMCB,$9.74
727,Fabian,Pear,fpeark6@google.co.uk,Male,Ohio,NASDAQ,SNES,$1.57
728,Debera,Popov,dpopovk7@columbia.edu,Female,Florida,NYSE,JMEI,$7.50
729,Tad,Middle,tmiddlek8@shareasale.com,Male,Colorado,NASDAQ,PTLA,$2.36
730,Krispin,,kpysonk9@scientificamerican.com,Male,Massachusetts,NYSE,FPL,$5.29
731,Yolane,Govey,ygoveyka@sun.com,Female,New York,NASDAQ,AGIIL,$3.86
732,Haslett,Sexti,hsextikb@newyorker.com,Male,Florida,NASDAQ,HQY,$0.64
733,Kimbra,Hanbury,khanburykc@fotki.com,Female,Georgia,NASDAQ,STLD,$6.44
734,George,Paler,gpalerkd@cbslocal.com,Female,Florida,NYSE,CX,$5.62
735,Clementia,Hasney,chasneyke@upenn.edu,Female,New York,NYSE,AGN,$9.79
736,Bonnie,Labusch,blabuschkf@aol.com,Female,Wisconsin,NASDAQ,CNIT,$4.61
737,Sterling,Espie,sespiekg@istockphoto.com,Male,Connecticut,NYSE,CIM,$9.58
738,Aeriel,Jermy,ajermykh@furl.net,Female,Colorado,NASDAQ,IIJI,$6.59
739,Jacquie,Jagson,jjagsonki@wikipedia.org,Female,Texas,NYSE,GLW,$0.59
740,Rolf,,rdythamkj@infoseek.co.jp,Male,Oklahoma,NYSE,PKO,$0.50
741,Olga,,ostranahankk@pbs.org,Female,Virginia,NASDAQ,LPNT,$4.71
742,Wynne,Blackwell,wblackwellkl@istockphoto.com,Female,Alabama,NYSE,SERV,$0.71
743,Darelle,,dfillonkm@hugedomains.com,Female,California,NYSE,PEI,$3.93
744,Laura,,llindkn@blogspot.com,Female,New York,NYSE,SOV^C,$3.61
745,Amii,Mellows,amellowsko@theglobeandmail.com,Female,Kentucky,NASDAQ,CASI,$6.40
746,Diahann,Ganders,dganderskp@imageshack.us,Female,Florida,NASDAQ,ABCO,$5.25
747,Teddy,Luckett,tluckettkq@webnode.com,Female,Florida,NYSE,PBA,$6.85
748,Prudence,Comino,pcominokr@usa.gov,Female,Oklahoma,NYSE,VST,$2.07
749,Melicent,Boate,mboateks@4shared.com,Female,Minnesota,NYSE,SPE,$6.33
750,Amandi,Giberd,agiberdkt@theguardian.com,Female,California,NYSE,PLD,$0.04
751,Reinaldos,Maith,rmaithku@china.com.cn,Male,Kansas,NYSE,ENR,$0.94
752,Ally,Lovitt,alovittkv@eventbrite.com,Female,Indiana,NASDAQ,PDVW,$7.12
753,Nathanil,Abbiss,nabbisskw@ning.com,Male,California,NASDAQ,LAKE,$3.22
754,Samson,Gozzett,sgozzettkx@eventbrite.com,Male,Virginia,NYSE,VC,$4.08
755,Teresita,Feake,tfeakeky@oracle.com,Female,California,NASDAQ,PHIIK,$8.25
756,Carolina,O'Neal,conealkz@topsy.com,Female,Ohio,NASDAQ,SNSR,$8.56
757,Artemas,Fulcher,afulcherl0@census.gov,Male,Kansas,NYSE,HTA,$5.23
758,Arthur,Galway,agalwayl1@psu.edu,Male,Georgia,NYSE,JAG,$4.80
759,Malcolm,,mballingl2@eepurl.com,Male,Kentucky,NYSE,GDOT,$0.04
760,Theodoric,Edis,tedisl3@noaa.gov,Male,Washington,NASDAQ,TERP,$7.40
761,Christy,,ckrolakl4@scribd.com,Female,Utah,NYSE,DDC,$0.63
762,Edd,Hawkins,ehawkinsl5@va.gov,Male,Texas,NASDAQ,ATAI,$4.02
763,Meryl,Keyse,mkeysel6@webs.com,Female,Texas,NYSE,GRX^B,$0.10
764,Geno,,gcuseckl7@dagondesign.com,Male,Oregon,NASDAQ,SNGXW,$9.33
765,Adelaide,,asimal8@telegraph.co.uk,Female,Iowa,NASDAQ,BLFS,$2.77
766,Reid,Vowels,rvowelsl9@cdbaby.com,Male,Virginia,NASDAQ,CGNX,$2.94
767,Audre,Clappson,aclappsonla@google.ru,Female,Texas,NASDAQ,GSBC,$1.37
768,Drucill,Yakobovitz,dyakobovitzlb@booking.com,Female,Georgia,NASDAQ,PSTI,$7.06
769,Kariotta,Glendining,kglendininglc@epa.gov,Female,Pennsylvania,NYSE,VVR,$6.00
770,Pip,Ondrusek,pondrusekld@nydailynews.com,Male,Illinois,NYSE,STI,$2.88
771,Mirilla,Dies,mdiesle@walmart.com,Female,Florida,NYSE,RPM,$6.21
772,Onfroi,Sagerson,,Male,Florida,NASDAQ,CHSCN,$4.07
773,Carmelia,Petegrew,cpetegrewlg@fc2.com,Female,Arkansas,NASDAQ,GNRX,$6.18
774,Dyane,,dcleverlylh@qq.com,Female,Texas,NASDAQ,APPN,$7.27
775,Alleyn,Esslement,aesslementli@4shared.com,Male,Missouri,NYSE,JMPC,$8.42
776,Willy,Winterbourne,wwinterbournelj@telegraph.co.uk,Female,New York,NYSE,ETE,$2.27
777,Phillie,Drivers,pdriverslk@list-manage.com,Female,Kentucky,NASDAQ,BIOL,$4.50
778,Rayshell,,ryeomanll@live.com,Female,Tennessee,NASDAQ,KTOS,$5.28
779,Herman,Bresner,hbresnerlm@soundcloud.com,Male,Minnesota,NASDAQ,PRSC,$2.16
780,Mindy,Hackin,mhackinln@ucoz.com,Female,Florida,NASDAQ,PKW,$2.85
781,Linc,Aynscombe,laynscombelo@bravesites.com,Male,Florida,NASDAQ,CATM,$4.78
782,Art,Caddie,acaddielp@virginia.edu,Male,North Carolina,NASDAQ,GSHT,$6.56
783,Mahmoud,Malam,mmalamlq@kickstarter.com,Male,Louisiana,NASDAQ,SORL,$8.90
784,Evy,Sly,eslylr@studiopress.com,Female,California,NYSE,AFGE,$1.78
785,Norean,Maile,nmailels@answers.com,Female,Arkansas,NYSE,CCC,$0.19
786,Brett,Barnewall,bbarnewalllt@photobucket.com,Male,Illinois,NYSE,SNDR,$7.95
787,Wolfy,Ockwell,wockwelllu@xing.com,Male,Colorado,NASDAQ,HMHC,$8.65
788,Kassie,Mauvin,kmauvinlv@kickstarter.com,Female,Virginia,NASDAQ,LAUR,$3.78
789,Bradley,Curneen,bcurneenlw@addtoany.com,Male,North Carolina,NASDAQ,AMRN,$1.98
790,Merwin,,mkiddelllx@soundcloud.com,Male,Tennessee,NASDAQ,KBLMU,$5.27
791,Rutger,Duffree,rduffreely@kickstarter.com,Male,Indiana,NASDAQ,TOWN,$1.77
792,Chelsy,,cwynettlz@cnet.com,Female,Texas,NYSE,ENIA,$7.93
793,Mohammed,Dooland,mdoolandm0@sohu.com,Male,Kansas,NYSE,EVT,$3.01
794,Lydon,,lconklinm1@state.gov,Male,Maryland,NYSE,PFG,$0.09
795,Ashlen,Deacon,,Female,Massachusetts,NASDAQ,FFIC,$5.30
796,Jarvis,,jsatem3@cnn.com,Male,Michigan,NYSE,ECT,$2.27
797,Ernaline,Pane,epanem4@cbslocal.com,Female,Arizona,NYSE,MFL,$4.59
798,Leonanie,Rawlin,lrawlinm5@paginegialle.it,Female,New York,NASDAQ,UNIT,$7.17
799,Arch,Goard,agoardm6@thetimes.co.uk,Male,Kentucky,NASDAQ,ARII,$1.43
800,Anjanette,Treasaden,atreasadenm7@cornell.edu,Female,New York,NASDAQ,YIN,$5.08
801,Cordy,Knott,cknottm8@topsy.com,Male,Pennsylvania,NYSE,FLY,$3.42
802,Any,Krochmann,akrochmannm9@stanford.edu,Male,Texas,NYSE,GCH,$9.34
803,Thaddeus,Hartzenberg,thartzenbergma@free.fr,Male,California,NYSE,BAK,$4.94
804,Osmond,Barriball,obarriballmb@ed.gov,Male,Texas,NYSE,EXTN,$4.49
805,Hy,Dingley,hdingleymc@mac.com,Male,California,NYSE,ARL,$6.37
806,Verile,Lamberteschi,vlamberteschimd@va.gov,Female,Texas,NASDAQ,CCIH,$7.12
807,Keelby,Doley,kdoleyme@joomla.org,Male,California,NYSE,EGY,$9.67
808,Gerri,Tookill,gtookillmf@usatoday.com,Female,Florida,NASDAQ,GNMX,$3.38
809,Aloin,Poate,apoatemg@meetup.com,Male,California,NYSE,ARR^A,$2.69
810,Gerardo,Gladman,ggladmanmh@delicious.com,Male,Connecticut,NASDAQ,PBMD,$2.92
811,Bronson,Klimashevich,bklimashevichmi@biblegateway.com,Male,Arkansas,NASDAQ,FDT,$5.82
812,Tiphanie,McVanamy,tmcvanamymj@joomla.org,Female,Arizona,NYSE,DDR^K,$2.63
813,Nathan,Bowle,nbowlemk@ifeng.com,Male,California,NASDAQ,ROSEU,$1.65
814,Chet,Syms,csymsml@bloglovin.com,Male,Arizona,NYSE,LXFT,$3.84
815,Carlye,Giroldi,cgiroldimm@harvard.edu,Female,Texas,NYSE,BXP^B,$8.68
816,Philbert,Mertel,pmertelmn@nydailynews.com,Male,New York,NYSE,RTN,$2.50
817,Ranice,Haacker,rhaackermo@bluehost.com,Female,Texas,NYSE,RGS,$0.92
818,Hyacinthia,Grabb,hgrabbmp@webs.com,Female,Washington,NYSE,GAB^G,$3.96
819,Ennis,Cunrado,ecunradomq@rakuten.co.jp,Male,Texas,NASDAQ,UBSI,$3.57
820,Jenni,Rosettini,jrosettinimr@nbcnews.com,Female,District of Columbia,NYSE,FRO,$0.32
821,Horst,Rawlings,hrawlingsms@soup.io,Male,Florida,NYSE,AMFW,$8.40
822,Darci,Phythian,dphythianmt@squidoo.com,Female,Alabama,NYSE,NE,$2.31
823,Ogdon,O'Hallihane,oohallihanemu@histats.com,Male,Florida,NASDAQ,APPF,$0.28
824,Pierette,Balma,pbalmamv@omniture.com,Female,Minnesota,NYSE,WTM,$7.01
825,Derick,Dawidsohn,ddawidsohnmw@exblog.jp,Male,Missouri,NYSE,NOM,$6.35
826,Bobine,Lacer,blacermx@wsj.com,Female,Utah,NASDAQ,RCON,$1.26
827,Vernen,Rake,vrakemy@wikipedia.org,Male,Texas,NYSE,WAGE,$4.87
828,Jordana,Childerley,jchilderleymz@yellowpages.com,Female,Oregon,NASDAQ,GTYHU,$1.13
829,Remington,Spellicy,rspellicyn0@dailymotion.com,Male,Oklahoma,NASDAQ,YHOO,$7.41
830,Kari,Shorto,kshorton1@yahoo.co.jp,Female,Texas,NYSE,GS^A,$9.94
831,Konrad,Davidowich,kdavidowichn2@delicious.com,Male,Virginia,NYSE,RNG,$3.99
832,Mickey,Greguol,mgreguoln3@domainmarket.com,Male,Oklahoma,NASDAQ,EGRX,$4.15
833,Dolley,Dunks,ddunksn4@pen.io,Female,Missouri,NASDAQ,REFR,$0.44
834,Sterne,Blonfield,sblonfieldn5@va.gov,Male,Texas,NYSE,IGT,$0.65
835,Avie,Keelinge,akeelingen6@blogs.com,Female,Louisiana,NASDAQ,HFBC,$3.31
836,Shelly,Marcinkus,smarcinkusn7@narod.ru,Female,Alabama,NASDAQ,NUAN,$9.73
837,Khalil,Rollo,krollon8@chicagotribune.com,Male,Michigan,NASDAQ,DRYS,$9.50
838,Hedvig,Maidlow,hmaidlown9@com.com,Female,California,NASDAQ,KERX,$2.02
839,Glenden,Fowlie,gfowliena@spotify.com,Male,Ohio,NYSE,RDS.B,$8.51
840,Tim,Kearle,tkearlenb@360.cn,Female,Florida,NASDAQ,III,$9.85
841,Virgina,Hyndson,vhyndsonnc@alibaba.com,Female,California,NASDAQ,ECOL,$7.05
842,Salomo,Easbie,seasbiend@sciencedirect.com,Male,Illinois,NASDAQ,ZIOP,$2.81
843,David,Playford,dplayfordne@harvard.edu,Male,California,NASDAQ,BHACU,$9.32
844,April,Freeman,afreemannf@archive.org,Female,Florida,NASDAQ,AAME,$6.76
845,Jessee,Slaght,jslaghtng@github.io,Male,Nevada,NYSE,CUBI^F,$1.93
846,Maje,Kollach,mkollachnh@163.com,Male,Virginia,NYSE,GRA,$4.09
847,Sidonia,Keaveney,skeaveneyni@imageshack.us,Female,California,NASDAQ,EAGL,$6.32
848,Standford,Durtnal,sdurtnalnj@oakley.com,Male,Tennessee,NASDAQ,DISCA,$2.15
849,Mischa,Rapper,mrappernk@businessinsider.com,Male,Oklahoma,NASDAQ,MELR,$3.59
850,Bernarr,Ingreda,bingredanl@army.mil,Male,Oklahoma,NYSE,GNW,$7.96
851,Cross,,cmcgaughienm@umich.edu,Male,Kentucky,NASDAQ,KBWD,$7.55
852,Avictor,Iles,ailesnn@nih.gov,Male,Florida,NASDAQ,HRMNW,$6.75
853,Melisse,Coghill,mcoghillno@unc.edu,Female,Kansas,NYSE,TRGP,$8.54
854,Kari,,kantrobusnp@hhs.gov,Female,New York,NASDAQ,III,$2.45
855,Ellerey,Guido,eguidonq@nymag.com,Male,Indiana,NASDAQ,STLRU,$0.39
856,Bordie,Bushell,bbushellnr@mapy.cz,Male,Nebraska,NASDAQ,RIBT,$7.01
857,Loraine,Runnicles,lrunniclesns@pagesperso-orange.fr,Female,Tennessee,NYSE,M,$4.94
858,Laurent,Nary,lnarynt@moonfruit.com,Male,Illinois,NYSE,NVTA,$7.76
859,Lenora,LLelweln,lllelwelnnu@wsj.com,Female,California,NYSE,MSF,$2.41
860,Maximilien,Graffham,mgraffhamnv@epa.gov,Male,North Carolina,NYSE,JMT,$1.33
861,Menard,Boulds,mbouldsnw@slideshare.net,Male,New York,NYSE,LPI,$2.16
862,Ariana,Job,ajobnx@cnet.com,Female,Nebraska,NASDAQ,CMLS,$7.34
863,Gretal,Tremain,gtremainny@nationalgeographic.com,Female,California,NYSE,AET,$1.11
864,Jeffry,Eilhertsen,jeilhertsennz@ed.gov,Male,California,NASDAQ,SKYS,$1.53
865,Bryant,Blincko,bblinckoo0@moonfruit.com,Male,New York,NYSE,RRC,$1.13
866,Stacia,Tadgell,stadgello1@time.com,Female,Nebraska,NASDAQ,ALDX,$5.04
867,Kelila,Helbeck,khelbecko2@amazon.co.jp,Female,Georgia,NASDAQ,VKTX,$7.81
868,Gracia,Aberkirder,gaberkirdero3@surveymonkey.com,Female,Kansas,NYSE,TY,$8.03
869,Korry,Bean,kbeano4@hubpages.com,Female,Ohio,NASDAQ,HOLX,$9.54
870,Doro,Klampk,dklampko5@soup.io,Female,Florida,NYSE,TLP,$9.22
871,Ulric,Tathacott,utathacotto6@hubpages.com,Male,Maine,NYSE,WMT,$8.30
872,Mylo,Spikings,mspikingso7@clickbank.net,Male,California,NYSE,PX,$6.69
873,Mela,,mkennono8@a8.net,Female,New York,NASDAQ,HSII,$2.26
874,Vivyan,Gossage,vgossageo9@desdev.cn,Female,Virginia,NASDAQ,FEP,$7.24
875,Roseanna,Burril,rburriloa@alibaba.com,Female,Massachusetts,NYSE,INB,$8.45
876,Domeniga,Storres,dstorresob@chicagotribune.com,Female,Alabama,NYSE,LCII,$4.26
877,Siegfried,Newrick,snewrickoc@nationalgeographic.com,Male,Ohio,NYSE,MOD,$5.63
878,Haily,Freddi,hfreddiod@earthlink.net,Male,Georgia,NASDAQ,FIVE,$3.69
879,Maxy,,mrasellesoe@icio.us,Female,Texas,NYSE,KMG,$3.10
880,Amalle,,aabramowof@skyrock.com,Female,South Dakota,NASDAQ,INBKL,$9.63
881,Myrvyn,Coleiro,mcoleiroog@boston.com,Male,California,NASDAQ,AAON,$8.64
882,Leonie,Traylen,ltraylenoh@nydailynews.com,Female,Tennessee,NASDAQ,GEC,$4.70
883,Shari,Haverty,shavertyoi@biblegateway.com,Female,Kansas,NYSE,MGM,$3.58
884,Felice,Harborow,fharborowoj@jigsy.com,Female,New York,NASDAQ,EEFT,$0.79
885,Susanetta,Docwra,sdocwraok@mozilla.org,Female,Alaska,NYSE,BK^C,$3.61
886,Mahmud,Nancarrow,mnancarrowol@hud.gov,Male,Washington,NASDAQ,EXAC,$8.64
887,Leslie,Deverock,ldeverockom@tripod.com,Male,Texas,NASDAQ,PGTI,$4.10
888,Harli,Walton,hwaltonon@desdev.cn,Female,New York,NASDAQ,AMDA,$4.07
889,Sollie,Stallan,,Male,New Jersey,NYSE,TWO,$1.26
890,Sanford,Le Barre,slebarreop@yelp.com,Male,New York,NASDAQ,CXSE,$1.06
891,Christian,,cattwateroq@theglobeandmail.com,Male,Mississippi,NYSE,BDX,$1.51
892,Melisandra,McLarty,mmclartyor@census.gov,Female,Maryland,NASDAQ,DRAM,$3.04
893,La verne,,lhansillos@yellowpages.com,Female,District of Columbia,NASDAQ,EZPW,$1.15
894,Hallie,Suermeiers,hsuermeiersot@issuu.com,Female,Florida,NYSE,ESNT,$8.75
895,Selia,,sblecklyou@cyberchimps.com,Female,Maryland,NASDAQ,RRGB,$3.92
896,Paulie,Vaillant,pvaillantov@163.com,Male,Michigan,NASDAQ,ANGO,$3.38
897,Niki,Schimon,nschimonow@google.nl,Male,California,NYSE,FOF,$3.16
898,Nickey,Yallop,nyallopox@eventbrite.com,Male,Nevada,NASDAQ,CHNR,$0.98
899,Aleta,Hackworth,ahackworthoy@harvard.edu,Female,Florida,NASDAQ,BWEN,$5.38
900,Harley,Dod,hdodoz@vistaprint.com,Male,Oregon,NYSE,ABB,$6.99
901,Barnabe,Gleasane,bgleasanep0@constantcontact.com,Male,Colorado,NASDAQ,SGEN,$7.89
902,Humberto,Wiltsher,hwiltsherp1@yandex.ru,Male,South Dakota,NYSE,OMAA,$5.13
903,Marcos,,mnutbrownp2@ifeng.com,Male,Texas,NYSE,HF,$3.24
904,Burlie,St. Aubyn,bstaubynp3@mayoclinic.com,Male,Maryland,NASDAQ,TZOO,$4.80
905,Karlene,Vasilischev,kvasilischevp4@chron.com,Female,Florida,NASDAQ,ESBK,$0.38
906,Ingra,,iedgcombep5@mac.com,Male,District of Columbia,NASDAQ,NGHCO,$8.81
907,Vickie,Muzzall,vmuzzallp6@xrea.com,Female,Texas,NYSE,BETR,$7.81
908,Elinor,Jost,ejostp7@huffingtonpost.com,Female,Hawaii,NYSE,CLNS^G,$7.98
909,Alys,McGowing,amcgowingp8@phpbb.com,Female,Connecticut,NYSE,KMX,$1.98
910,Jessey,Sidey,jsideyp9@w3.org,Male,South Dakota,NASDAQ,TESO,$1.33
911,Silas,,schoupinpa@blog.com,Male,Oklahoma,NASDAQ,OVLY,$4.07
912,Ashly,,aphilippspb@europa.eu,Female,Michigan,NASDAQ,AOBC,$5.63
913,Rudie,Skillings,rskillingspc@mapquest.com,Male,Nevada,NASDAQ,DWTR,$9.06
914,Aaren,Hansom,ahansompd@weather.com,Female,Wyoming,NASDAQ,HBP,$7.52
915,Dasie,Littlechild,dlittlechildpe@goo.ne.jp,Female,Florida,NYSE,HCN,$6.44
916,Gerladina,Hollebon,ghollebonpf@eepurl.com,Female,Nevada,NASDAQ,UCBA,$2.95
917,Jan,Llewellin,jllewellinpg@flavors.me,Female,Texas,NYSE,ABG,$0.57
918,Ettore,Chatteris,echatterisph@scribd.com,Male,Florida,NYSE,OSK,$8.42
919,Fawne,,fthongerpi@senate.gov,Female,Florida,NASDAQ,SVA,$7.47
920,Devora,Rawnsley,drawnsleypj@buzzfeed.com,Female,Pennsylvania,NYSE,INT,$2.49
921,Kayley,Standbrook,kstandbrookpk@zimbio.com,Female,Georgia,NYSE,WD,$2.10
922,Ambros,Climpson,aclimpsonpl@webeden.co.uk,Male,Texas,NYSE,MULE,$0.55
923,Iggie,Kettles,ikettlespm@berkeley.edu,Male,Tennessee,NYSE,CLNS^C,$5.02
924,Rudolph,Romanini,rromaninipn@cnn.com,Male,Mississippi,NASDAQ,APDN,$6.25
925,Morley,MacGovern,mmacgovernpo@google.de,Male,Florida,NASDAQ,GBLIZ,$4.59
926,Jud,Oscroft,joscroftpp@spiegel.de,Male,Oregon,NYSE,JCO,$2.75
927,Basil,Jeves,bjevespq@163.com,Male,Texas,NASDAQ,SRTSW,$8.85
928,Forrester,Romney,fromneypr@blogspot.com,Male,New Hampshire,NYSE,CVA,$4.62
929,Odella,Salzberg,osalzbergps@constantcontact.com,Female,Texas,NASDAQ,JD,$2.06
930,Elly,Welham,ewelhampt@utexas.edu,Female,Idaho,NYSE,C.WS.A,$1.95
931,Edwina,Srawley,esrawleypu@pen.io,Female,Michigan,NYSE,MSI,$7.70
932,Didi,Moodey,dmoodeypv@free.fr,Female,Florida,NYSE,MYOV,$8.64
933,Maxie,Crasford,mcrasfordpw@squidoo.com,Male,New York,NASDAQ,SNAK,$9.44
934,Suki,Dent,sdentpx@loc.gov,Female,Illinois,NASDAQ,EIGI,$4.28
935,Frannie,Adran,fadranpy@google.com.br,Male,Pennsylvania,NASDAQ,CCIH,$7.43
936,Rockwell,,rsabbertonpz@sohu.com,Male,North Carolina,NASDAQ,MDIV,$2.64
937,Padget,Ollerton,pollertonq0@hexun.com,Male,Ohio,NASDAQ,CASM,$4.31
938,Inger,Borsi,iborsiq1@e-recht24.de,Male,Texas,NYSE,STAR          ,$2.55
939,Conny,,callakerq2@jalbum.net,Female,Georgia,NYSE,NUM,$0.96
940,Bria,Simmens,bsimmensq3@hhs.gov,Female,Georgia,NASDAQ,MERC,$0.25
941,Coop,Pudsey,cpudseyq4@rakuten.co.jp,Male,Michigan,NYSE,FCFS,$2.04
942,Stevie,Sudell,ssudellq5@goo.gl,Male,California,NYSE,ABT,$9.04
943,Pietra,Ubach,pubachq6@google.es,Female,Arizona,NYSE,KMM,$9.17
944,Evey,Brent,ebrentq7@census.gov,Female,Texas,NYSE,BCO,$1.83
945,Enrika,Paradyce,eparadyceq8@imgur.com,Female,New York,NASDAQ,BANR,$1.97
946,Susanna,Ronan,sronanq9@smugmug.com,Female,Texas,NYSE,RHP,$5.92
947,Ricoriki,Eddisforth,reddisforthqa@army.mil,Male,Pennsylvania,NASDAQ,BFIT,$3.29
948,Hugh,Simao,hsimaoqb@godaddy.com,Male,District of Columbia,NYSE,ARR^B,$7.33
949,Madalyn,Mackrell,mmackrellqc@live.com,Female,Ohio,NASDAQ,HOTRW,$0.14
950,Leonid,Leechman,lleechmanqd@dailymail.co.uk,Male,Ohio,NASDAQ,INWK,$6.12
951,Enoch,Kaye,ekayeqe@weather.com,Male,Kentucky,NYSE,SFR,$1.78
952,Peterus,Toffetto,ptoffettoqf@economist.com,Male,Louisiana,NASDAQ,QADA,$2.46
953,Vinita,Papworth,vpapworthqg@altervista.org,Female,Louisiana,NYSE,YRD,$1.16
954,Mikaela,Mortel,mmortelqh@youtu.be,Female,District of Columbia,NASDAQ,ATTU,$4.84
955,Raimondo,Gayton,rgaytonqi@blogs.com,Male,Oklahoma,NYSE,WPXP,$2.23
956,Seward,Dulake,sdulakeqj@tmall.com,Male,Colorado,NASDAQ,TRIB,$3.35
957,Rourke,Disbrey,rdisbreyqk@pen.io,Male,California,NYSE,STI^A,$3.13
958,Catha,Dorsey,cdorseyql@issuu.com,Female,Alaska,NYSE,IGI,$9.12
959,Kermy,Goble,kgobleqm@bloomberg.com,Male,Georgia,NYSE,OXM,$7.02
960,Rouvin,Girardin,rgirardinqn@smugmug.com,Male,California,NYSE,MGR,$9.06
961,Kippy,Laydel,klaydelqo@miibeian.gov.cn,Female,Georgia,NYSE,MCS,$6.48
962,Godard,Payler,gpaylerqp@yale.edu,Male,Missouri,NYSE,TTC,$6.51
963,Mala,Flynn,mflynnqq@dion.ne.jp,Female,California,NYSE,AF^C,$6.06
964,Peria,Ajam,pajamqr@reverbnation.com,Female,West Virginia,NYSE,EVC,$3.32
965,Odie,Dahlberg,odahlbergqs@toplist.cz,Male,Oklahoma,NYSE,PFGC,$8.19
966,Judah,Ivel,jivelqt@g.co,Male,California,NASDAQ,GOODO,$8.50
967,Boycey,Happert,bhappertqu@google.fr,Male,California,NYSE,EVR,$3.37
968,Calhoun,Labarre,clabarreqv@hibu.com,Male,Florida,NYSE,DCUD,$8.32
969,Kendal,,kdeclairmontqw@blog.com,Male,Texas,NYSE,MFV,$2.18
970,Antonina,Tavener,atavenerqx@behance.net,Female,Delaware,NYSE,DTV,$8.22
971,Thibaut,Hildrew,thildrewqy@abc.net.au,Male,Missouri,NASDAQ,FMCIR,$6.38
972,Rosanna,Sans,rsansqz@cbsnews.com,Female,West Virginia,NASDAQ,WHLM,$9.03
973,Ned,McMackin,nmcmackinr0@usda.gov,Male,Texas,NASDAQ,GPACW,$1.14
974,Anson,Daldan,adaldanr1@cmu.edu,Male,Minnesota,NYSE,EVH,$4.59
975,Conway,Olennikov,colennikovr2@51.la,Male,Texas,NASDAQ,HURN,$6.72
976,Elinor,Chamberlain,echamberlainr3@booking.com,Female,Florida,NASDAQ,PIZ,$7.42
977,Webster,Sant,wsantr4@ask.com,Male,Georgia,NASDAQ,APLP,$10.00
978,Archambault,Emmet,aemmetr5@geocities.jp,Male,Texas,NASDAQ,TCMD,$4.96
979,Lutero,Fetters,lfettersr6@globo.com,Male,Illinois,NASDAQ,FEMB,$1.16
980,Smitty,Edel,sedelr7@sourceforge.net,Male,Oregon,NYSE,JW.B,$9.96
981,Savina,Pentin,spentinr8@house.gov,Female,California,NASDAQ,CSWI,$4.02
982,Lincoln,McVitty,lmcvittyr9@cornell.edu,Male,Virginia,NASDAQ,CLDC,$7.80
983,Lisabeth,Bartomeu,lbartomeura@eventbrite.com,Female,Michigan,NASDAQ,CMRX,$3.89
984,Carma,Bleasdille,,Female,Washington,NASDAQ,QRHC,$0.66
985,Georgie,Trowbridge,gtrowbridgerc@tiny.cc,Male,Michigan,NYSE,MS^I,$8.44
986,Marje,Boice,mboicerd@artisteer.com,Female,Louisiana,NYSE,CORR,$1.23
987,Ignazio,Worster,iworsterre@oakley.com,Male,Wisconsin,NYSE,ENLC,$8.33
988,Myrilla,,msaundersonrf@php.net,Female,Louisiana,NASDAQ,GPP,$1.63
989,Marion,Wait,mwaitrg@bbc.co.uk,Female,Oregon,NYSE,MFCB,$1.66
990,Barbette,Kenson,bkensonrh@ow.ly,Female,Florida,NYSE,BIP,$1.03
991,Karoly,Blest,kblestri@narod.ru,Male,Texas,NYSE,SEE,$0.99
992,Winfred,Dorbon,wdorbonrj@xing.com,Male,Missouri,NASDAQ,CARZ,$4.60
993,Kessia,,klungerk@wikipedia.org,Female,California,NYSE,EDU,$8.49
994,Geno,Lunge,glungerl@reverbnation.com,Male,Louisiana,NYSE,CEL,$8.42
995,Ulrike,Golsthorp,ugolsthorprm@sina.com.cn,Female,Utah,NYSE,MMT,$5.24
996,Maridel,Hannaway,mhannawayrn@dagondesign.com,Female,Pennsylvania,NYSE,MDT,$1.12
997,Joshua,,jspinielloro@reddit.com,Male,Florida,NASDAQ,PRGX,$7.54
998,Fannie,Bradbury,fbradburyrp@si.edu,Female,New Mexico,NASDAQ,ICCH,$3.90
999,Carlynn,Coogan,ccooganrq@php.net,Female,Texas,NASDAQ,TBBK,$3.57
1000,Marcelo,Pray,mprayrr@spiegel.de,Male,Missouri,NYSE,B,$7.32
